"planningReference","decisionDate","localAuthority","consentStage","county","town","siteAddress","postcode","proposal","units","estimatedGdv","indicativeLoanAt70Ltgdv","valuationMedianPrice","applicantName","applicantCompany","agentName","agentCompany","companyHouseName","companyNumber","directors","email","contactName","contactTitle","phone","linkedinUrl","registeredOffice","articleUrl","planningUrl","soldMedianPrice","soldTransactions12m","soldYoyChange","outreachAngle","emailSubject","emailBody","letterBody"
"24/AP/3432","08/09/2026","London Borough of Southwark","primary_consent","greater-london","bermondsey","Skipton House 80 London Road London Southwark SE1 6LH","SE1 6LH","Demolition of the existing building on site with the retention and reuse of the basement level with minor basement extension. Construction of two separate but linked buildings, expressed as a series of four towers provisioning Residential units (Class C3) in the southern elements, and Purpose Built Student Accommodation units (Use Class Sui Generis), with the delivery of an amount of retail (Class E(a)), food and beverage (Class E (b)), office (Class Eg(i)) and medical services (Class Ee) floorspace at ground, first and second floor levels, with hard and soft landscaping, pedestrian and vehicle access, cycle parking, wider public realm improvements with associated highway works and all other and ancillary works associated with the development. For information: The development as a whole comprises 243 dwellings (Class C3) and 1,434 Purpose Built Student Accommodation Units, 924sqm of Class E(a)-(b) at ground floor level, 1,106sqm of Class E(gi) and (e) at first and second floor level.","243","125874000","88111800","518000","","","","","","","","","","","","","","https://constructioncapital.co.uk/news/2026-09-08-24-ap-3432-bermondsey-planning-approved","https://planning.southwark.gov.uk/online-applications/applicationDetails.do?activeTab=summary&keyVal=SNB9CEKBMZG00","518000","2933","-4.1","We wrote up your approved scheme at Skipton House 80 London Road London Southwark SE1 6LH and modelled high-level senior debt at 70% LTGDV (£88.1m against estimated GDV £125.9m).","Indicative 70% LTGDV funding view for Skipton House 80 London Road London Southwark SE1 6LH","Hi there,

I saw that London Borough of Southwark approved 24/AP/3432 for Skipton House 80 London Road London Southwark SE1 6LH. We have written a short market note on the site here: https://constructioncapital.co.uk/news/2026-09-08-24-ap-3432-bermondsey-planning-approved

Using local sold-price data, we estimate GDV at £125.9m. At 70% LTGDV, that points to high-level senior debt of around £88.1m, subject to valuation, cost plan, borrower experience and lender underwriting.

If this is a live scheme, I can put proper indicative terms together from our lender panel within 24 hours.

Regards,
Matt Lenzie
Construction Capital","The Developer


Re: Skipton House 80 London Road London Southwark SE1 6LH - approved planning application 24/AP/3432

We noticed the recent approval for the above site and have prepared a short market note covering the planning consent, local sold-price evidence and a high-level senior debt view:
https://constructioncapital.co.uk/news/2026-09-08-24-ap-3432-bermondsey-planning-approved

Based on the available data, we estimate GDV at £125.9m. At 70% LTGDV, this indicates potential senior debt of around £88.1m, subject to valuation, cost plan, borrower experience and lender underwriting.

Construction Capital arranges senior debt, mezzanine finance and equity/JV funding for UK property developers. If this site is moving toward acquisition or construction, we can provide formal indicative terms from our lender panel within 24 hours.

Yours faithfully,
Matt Lenzie
Construction Capital"
"PL/2025/01502/PPOL","07/09/2026","Solihull Metropolitan Borough Council","outline","west-midlands","solihull","Land West Of Rumbush Lane Solihull","","Outline planning permission is sought for the erection of up to 110 dwellings, provision of a sports pitch, the creation of associated vehicular and pedestrian accesses onto Rumbush Lane, pedestrian footway to Dewberry Road, highway improvements, parking, landscaping, drainage features, open space, and associated infrastructure (All matters reserved except for access into the site from Rumbush Lane (southern access only) and Dewberry Road).","110","36080000","25256000","328000","","","","","","","","","","","","","","https://constructioncapital.co.uk/news/2026-09-07-pl-2025-01502-ppol-solihull-planning-approved","https://publicaccess.solihull.gov.uk/online-applications/applicationDetails.do?activeTab=summary&keyVal=T0GRUCOEKJZ00","328000","2911","2.5","We wrote up your approved scheme at Land West Of Rumbush Lane Solihull and modelled high-level senior debt at 70% LTGDV (£25.3m against estimated GDV £36.1m).","Indicative 70% LTGDV funding view for Land West Of Rumbush Lane Solihull","Hi there,

I saw that Solihull Metropolitan Borough Council approved PL/2025/01502/PPOL for Land West Of Rumbush Lane Solihull. We have written a short market note on the site here: https://constructioncapital.co.uk/news/2026-09-07-pl-2025-01502-ppol-solihull-planning-approved

Using local sold-price data, we estimate GDV at £36.1m. At 70% LTGDV, that points to high-level senior debt of around £25.3m, subject to valuation, cost plan, borrower experience and lender underwriting.

If this is a live scheme, I can put proper indicative terms together from our lender panel within 24 hours.

Regards,
Matt Lenzie
Construction Capital","The Developer


Re: Land West Of Rumbush Lane Solihull - approved planning application PL/2025/01502/PPOL

We noticed the recent approval for the above site and have prepared a short market note covering the planning consent, local sold-price evidence and a high-level senior debt view:
https://constructioncapital.co.uk/news/2026-09-07-pl-2025-01502-ppol-solihull-planning-approved

Based on the available data, we estimate GDV at £36.1m. At 70% LTGDV, this indicates potential senior debt of around £25.3m, subject to valuation, cost plan, borrower experience and lender underwriting.

Construction Capital arranges senior debt, mezzanine finance and equity/JV funding for UK property developers. If this site is moving toward acquisition or construction, we can provide formal indicative terms from our lender panel within 24 hours.

Yours faithfully,
Matt Lenzie
Construction Capital"
"26/01659/OOBC","08/09/2026","Basingstoke & Deane Borough Council","reserved_matters","hampshire","basingstoke","Land East Of Newbury College Monks Lane Newbury Berkshire","","Reserved matters application pursuant to hybrid planning permission 22/02754/OUTMAJ for the development of 75 dwellings with associated parking, landscaping, open space (including a LEAP), infrastructure and associated works, seeking approval of layout, landscape, appearance and scale (Phase 4) Not EIA development. CASE REF: 26/01632/RESMAJ CASE OFFICER: SIAN CUTTS PLEASE NOTE THAT THE DECISION ON THIS APPLICATION WILL BE MADE BY WEST BERKS COUNCIL","75","27937500","19556250","372500","","","","","","","","","","","","","","https://constructioncapital.co.uk/news/2026-09-08-26-01659-oobc-basingstoke-planning-approved","https://publicaccess.basingstoke.gov.uk/online-applications/applicationDetails.do?activeTab=summary&keyVal=TJM1MYCR0AP00","372500","2451","0.7","We wrote up your approved scheme at Land East Of Newbury College Monks Lane Newbury Berkshire and modelled high-level senior debt at 70% LTGDV (£19.6m against estimated GDV £27.9m).","Indicative 70% LTGDV funding view for Land East Of Newbury College Monks Lane Newbury Berkshire","Hi there,

I saw that Basingstoke & Deane Borough Council approved 26/01659/OOBC for Land East Of Newbury College Monks Lane Newbury Berkshire. We have written a short market note on the site here: https://constructioncapital.co.uk/news/2026-09-08-26-01659-oobc-basingstoke-planning-approved

Using local sold-price data, we estimate GDV at £27.9m. At 70% LTGDV, that points to high-level senior debt of around £19.6m, subject to valuation, cost plan, borrower experience and lender underwriting.

If this is a live scheme, I can put proper indicative terms together from our lender panel within 24 hours.

Regards,
Matt Lenzie
Construction Capital","The Developer


Re: Land East Of Newbury College Monks Lane Newbury Berkshire - approved planning application 26/01659/OOBC

We noticed the recent approval for the above site and have prepared a short market note covering the planning consent, local sold-price evidence and a high-level senior debt view:
https://constructioncapital.co.uk/news/2026-09-08-26-01659-oobc-basingstoke-planning-approved

Based on the available data, we estimate GDV at £27.9m. At 70% LTGDV, this indicates potential senior debt of around £19.6m, subject to valuation, cost plan, borrower experience and lender underwriting.

Construction Capital arranges senior debt, mezzanine finance and equity/JV funding for UK property developers. If this site is moving toward acquisition or construction, we can provide formal indicative terms from our lender panel within 24 hours.

Yours faithfully,
Matt Lenzie
Construction Capital"
"23/02055/PFUL3","10/09/2026","Nottingham City Council","primary_consent","nottinghamshire","nottingham","490 Radford Road Nottingham Nottingham City NG7 7EA","NG7 7EA","Conversion and alteration of existing building (the Existing Element) and new build following demolition (the New Build Element) to provide 71 units of purpose built student accommodation (total of 136 bedrooms).","71","13490000","9443000","190000","","","","","","","","","","","","","","https://constructioncapital.co.uk/news/2026-09-10-23-02055-pful3-nottingham-planning-approved","https://publicaccess.nottinghamcity.gov.uk/online-applications/applicationDetails.do?activeTab=summary&keyVal=S56K4RLYLNL00","190000","3407","0","We wrote up your approved scheme at 490 Radford Road Nottingham Nottingham City NG7 7EA and modelled high-level senior debt at 70% LTGDV (£9.4m against estimated GDV £13.5m).","Indicative 70% LTGDV funding view for 490 Radford Road Nottingham Nottingham City NG7 7EA","Hi there,

I saw that Nottingham City Council approved 23/02055/PFUL3 for 490 Radford Road Nottingham Nottingham City NG7 7EA. We have written a short market note on the site here: https://constructioncapital.co.uk/news/2026-09-10-23-02055-pful3-nottingham-planning-approved

Using local sold-price data, we estimate GDV at £13.5m. At 70% LTGDV, that points to high-level senior debt of around £9.4m, subject to valuation, cost plan, borrower experience and lender underwriting.

If this is a live scheme, I can put proper indicative terms together from our lender panel within 24 hours.

Regards,
Matt Lenzie
Construction Capital","The Developer


Re: 490 Radford Road Nottingham Nottingham City NG7 7EA - approved planning application 23/02055/PFUL3

We noticed the recent approval for the above site and have prepared a short market note covering the planning consent, local sold-price evidence and a high-level senior debt view:
https://constructioncapital.co.uk/news/2026-09-10-23-02055-pful3-nottingham-planning-approved

Based on the available data, we estimate GDV at £13.5m. At 70% LTGDV, this indicates potential senior debt of around £9.4m, subject to valuation, cost plan, borrower experience and lender underwriting.

Construction Capital arranges senior debt, mezzanine finance and equity/JV funding for UK property developers. If this site is moving toward acquisition or construction, we can provide formal indicative terms from our lender panel within 24 hours.

Yours faithfully,
Matt Lenzie
Construction Capital"
"DC/24/01060/FUL","11/09/2026","Gateshead Council","primary_consent","tyne-and-wear","gateshead","St Cuthberts Clearance Area Land Between Askew Road Gateshead","","The erection of up to 85 residential units (Use Class C3) with associated access, car parking, landscaping, engineering and infrastructure (Amended 13.06.2025, 15.07.2025, 07.08.2025, 02.10.2025, 17.12.2025, 22.01.2026, 07.04.2026 and 21.07.2026, additional information 24.06.2025, 25.06.2025, 26.06.2025, 29.07.2025, 07.08.2025, 17.12.2025, 22.01.2026, 07.04.2026 and 21.07.2026)","85","12750000","8925000","150000","","","","","","","","","","","","","","https://constructioncapital.co.uk/news/2026-09-11-dc-24-01060-ful-gateshead-planning-approved","https://public.gateshead.gov.uk/online-applications/applicationDetails.do?activeTab=summary&keyVal=SNO3Y3HKJYZ00","150000","2806","-4.5","We wrote up your approved scheme at St Cuthberts Clearance Area Land Between Askew Road Gateshead and modelled high-level senior debt at 70% LTGDV (£8.9m against estimated GDV £12.8m).","Indicative 70% LTGDV funding view for St Cuthberts Clearance Area Land Between Askew Road Gateshead","Hi there,

I saw that Gateshead Council approved DC/24/01060/FUL for St Cuthberts Clearance Area Land Between Askew Road Gateshead. We have written a short market note on the site here: https://constructioncapital.co.uk/news/2026-09-11-dc-24-01060-ful-gateshead-planning-approved

Using local sold-price data, we estimate GDV at £12.8m. At 70% LTGDV, that points to high-level senior debt of around £8.9m, subject to valuation, cost plan, borrower experience and lender underwriting.

If this is a live scheme, I can put proper indicative terms together from our lender panel within 24 hours.

Regards,
Matt Lenzie
Construction Capital","The Developer


Re: St Cuthberts Clearance Area Land Between Askew Road Gateshead - approved planning application DC/24/01060/FUL

We noticed the recent approval for the above site and have prepared a short market note covering the planning consent, local sold-price evidence and a high-level senior debt view:
https://constructioncapital.co.uk/news/2026-09-11-dc-24-01060-ful-gateshead-planning-approved

Based on the available data, we estimate GDV at £12.8m. At 70% LTGDV, this indicates potential senior debt of around £8.9m, subject to valuation, cost plan, borrower experience and lender underwriting.

Construction Capital arranges senior debt, mezzanine finance and equity/JV funding for UK property developers. If this site is moving toward acquisition or construction, we can provide formal indicative terms from our lender panel within 24 hours.

Yours faithfully,
Matt Lenzie
Construction Capital"
"26/AP/0234","09/09/2026","London Borough of Southwark","primary_consent","greater-london","bermondsey","57 - 61 Union Street London Southwark SE1 1SG","SE1 1SG","Details of condition 3 (CEMP) of 24/AP/3719 Partial demolition of existing dilapidated structures within the curtilage of a listed building, installation of entrance gate between 57-59 Union Street, and associated facade repair work to the front and rear elevations of no. 59-61 Union Street. Erection of two four storey buildings, and an upwards extension to no. 57 Union Street to provide nine residential units, amenity space, refuse and bike stores, external plant, and external landscaping.","9","4662000","3263400","518000","","","","","","","","","","","","","","https://constructioncapital.co.uk/news/2026-09-09-26-ap-0234-bermondsey-planning-approved","https://planning.southwark.gov.uk/online-applications/applicationDetails.do?activeTab=summary&keyVal=T9IYCNKBKN700","518000","2933","-4.1","We wrote up your approved scheme at 57 - 61 Union Street London Southwark SE1 1SG and modelled high-level senior debt at 70% LTGDV (£3.3m against estimated GDV £4.7m).","Indicative 70% LTGDV funding view for 57 - 61 Union Street London Southwark SE1 1SG","Hi there,

I saw that London Borough of Southwark approved 26/AP/0234 for 57 - 61 Union Street London Southwark SE1 1SG. We have written a short market note on the site here: https://constructioncapital.co.uk/news/2026-09-09-26-ap-0234-bermondsey-planning-approved

Using local sold-price data, we estimate GDV at £4.7m. At 70% LTGDV, that points to high-level senior debt of around £3.3m, subject to valuation, cost plan, borrower experience and lender underwriting.

If this is a live scheme, I can put proper indicative terms together from our lender panel within 24 hours.

Regards,
Matt Lenzie
Construction Capital","The Developer


Re: 57 - 61 Union Street London Southwark SE1 1SG - approved planning application 26/AP/0234

We noticed the recent approval for the above site and have prepared a short market note covering the planning consent, local sold-price evidence and a high-level senior debt view:
https://constructioncapital.co.uk/news/2026-09-09-26-ap-0234-bermondsey-planning-approved

Based on the available data, we estimate GDV at £4.7m. At 70% LTGDV, this indicates potential senior debt of around £3.3m, subject to valuation, cost plan, borrower experience and lender underwriting.

Construction Capital arranges senior debt, mezzanine finance and equity/JV funding for UK property developers. If this site is moving toward acquisition or construction, we can provide formal indicative terms from our lender panel within 24 hours.

Yours faithfully,
Matt Lenzie
Construction Capital"
"25/04007/FUL","07/09/2026","London Borough of Lambeth","primary_consent","greater-london","brixton","Rear Of 436 And 438 Streatham High Road London SW16 3PX","SW16 3PX","Demolition of the single storey retail building and erection of three storey Mews building to provide 5 self contained units (2 X 1-Bed and 3 X 2-Bed) with the provision of cycle parking, refuse/recycling storage, private amenity space and landscaping.","5","2700000","1890000","540000","","","","","","","","","","","","","","https://constructioncapital.co.uk/news/2026-09-07-25-04007-ful-brixton-planning-approved","https://planning.lambeth.gov.uk/online-applications/applicationDetails.do?activeTab=summary&keyVal=T7UJ74BOMUX00","540000","3398","0","We wrote up your approved scheme at Rear Of 436 And 438 Streatham High Road London SW16 3PX and modelled high-level senior debt at 70% LTGDV (£1.9m against estimated GDV £2.7m).","Indicative 70% LTGDV funding view for Rear Of 436 And 438 Streatham High Road London SW16 3PX","Hi there,

I saw that London Borough of Lambeth approved 25/04007/FUL for Rear Of 436 And 438 Streatham High Road London SW16 3PX. We have written a short market note on the site here: https://constructioncapital.co.uk/news/2026-09-07-25-04007-ful-brixton-planning-approved

Using local sold-price data, we estimate GDV at £2.7m. At 70% LTGDV, that points to high-level senior debt of around £1.9m, subject to valuation, cost plan, borrower experience and lender underwriting.

If this is a live scheme, I can put proper indicative terms together from our lender panel within 24 hours.

Regards,
Matt Lenzie
Construction Capital","The Developer


Re: Rear Of 436 And 438 Streatham High Road London SW16 3PX - approved planning application 25/04007/FUL

We noticed the recent approval for the above site and have prepared a short market note covering the planning consent, local sold-price evidence and a high-level senior debt view:
https://constructioncapital.co.uk/news/2026-09-07-25-04007-ful-brixton-planning-approved

Based on the available data, we estimate GDV at £2.7m. At 70% LTGDV, this indicates potential senior debt of around £1.9m, subject to valuation, cost plan, borrower experience and lender underwriting.

Construction Capital arranges senior debt, mezzanine finance and equity/JV funding for UK property developers. If this site is moving toward acquisition or construction, we can provide formal indicative terms from our lender panel within 24 hours.

Yours faithfully,
Matt Lenzie
Construction Capital"
"3/26/1144/DEM","08/09/2026","East Hertfordshire District Council","primary_consent","hertfordshire","bishops-stortford","Sacombe Poultry Farm Sacombe Green Sacombe Hertfordshire SG12 0JH","SG12 0JH","Prior approval application (Part 11, Class B) for demolition of 6 x agricultural poultry houses","6","2700000","1890000","450000","","","","","","","","","","","","","","https://constructioncapital.co.uk/news/2026-09-08-3-26-1144-dem-bishops-stortford-planning-approved","https://publicaccess.eastherts.gov.uk/online-applications/applicationDetails.do?activeTab=summary&keyVal=TJRALRGLM4C00","450000","2144","1.1","We wrote up your approved scheme at Sacombe Poultry Farm Sacombe Green Sacombe Hertfordshire SG12 0JH and modelled high-level senior debt at 70% LTGDV (£1.9m against estimated GDV £2.7m).","Indicative 70% LTGDV funding view for Sacombe Poultry Farm Sacombe Green Sacombe Hertfordshire SG12 0JH","Hi there,

I saw that East Hertfordshire District Council approved 3/26/1144/DEM for Sacombe Poultry Farm Sacombe Green Sacombe Hertfordshire SG12 0JH. We have written a short market note on the site here: https://constructioncapital.co.uk/news/2026-09-08-3-26-1144-dem-bishops-stortford-planning-approved

Using local sold-price data, we estimate GDV at £2.7m. At 70% LTGDV, that points to high-level senior debt of around £1.9m, subject to valuation, cost plan, borrower experience and lender underwriting.

If this is a live scheme, I can put proper indicative terms together from our lender panel within 24 hours.

Regards,
Matt Lenzie
Construction Capital","The Developer


Re: Sacombe Poultry Farm Sacombe Green Sacombe Hertfordshire SG12 0JH - approved planning application 3/26/1144/DEM

We noticed the recent approval for the above site and have prepared a short market note covering the planning consent, local sold-price evidence and a high-level senior debt view:
https://constructioncapital.co.uk/news/2026-09-08-3-26-1144-dem-bishops-stortford-planning-approved

Based on the available data, we estimate GDV at £2.7m. At 70% LTGDV, this indicates potential senior debt of around £1.9m, subject to valuation, cost plan, borrower experience and lender underwriting.

Construction Capital arranges senior debt, mezzanine finance and equity/JV funding for UK property developers. If this site is moving toward acquisition or construction, we can provide formal indicative terms from our lender panel within 24 hours.

Yours faithfully,
Matt Lenzie
Construction Capital"
"24/00846/FUL","08/09/2026","London Borough of Bexley","primary_consent","greater-london","bexley","291 Main Road Sidcup Kent DA14 6QL","DA14 6QL","Change of use of office (Class E) to 6 residential units (Class C3) involving erection of a two storey rear extension.","6","2520000","1764000","420000","","","","","","","","","","","","","","https://constructioncapital.co.uk/news/2026-09-08-24-00846-ful-bexley-planning-approved","https://pa.bexley.gov.uk/online-applications/applicationDetails.do?activeTab=summary&keyVal=SADSBIBE11I00","420000","2667","0.5","We wrote up your approved scheme at 291 Main Road Sidcup Kent DA14 6QL and modelled high-level senior debt at 70% LTGDV (£1.8m against estimated GDV £2.5m).","Indicative 70% LTGDV funding view for 291 Main Road Sidcup Kent DA14 6QL","Hi there,

I saw that London Borough of Bexley approved 24/00846/FUL for 291 Main Road Sidcup Kent DA14 6QL. We have written a short market note on the site here: https://constructioncapital.co.uk/news/2026-09-08-24-00846-ful-bexley-planning-approved

Using local sold-price data, we estimate GDV at £2.5m. At 70% LTGDV, that points to high-level senior debt of around £1.8m, subject to valuation, cost plan, borrower experience and lender underwriting.

If this is a live scheme, I can put proper indicative terms together from our lender panel within 24 hours.

Regards,
Matt Lenzie
Construction Capital","The Developer


Re: 291 Main Road Sidcup Kent DA14 6QL - approved planning application 24/00846/FUL

We noticed the recent approval for the above site and have prepared a short market note covering the planning consent, local sold-price evidence and a high-level senior debt view:
https://constructioncapital.co.uk/news/2026-09-08-24-00846-ful-bexley-planning-approved

Based on the available data, we estimate GDV at £2.5m. At 70% LTGDV, this indicates potential senior debt of around £1.8m, subject to valuation, cost plan, borrower experience and lender underwriting.

Construction Capital arranges senior debt, mezzanine finance and equity/JV funding for UK property developers. If this site is moving toward acquisition or construction, we can provide formal indicative terms from our lender panel within 24 hours.

Yours faithfully,
Matt Lenzie
Construction Capital"
"HAMZB24/00913/FUL","10/09/2026","North Yorkshire Council","primary_consent","north-yorkshire","harrogate","Land To West And South Of Balk Avenue Back Lane Helperby North Yorkshire","","Full planning application for a residential scheme comprising 8 units made up of 2, 3 and 5 bedroom dwellings on land to the south of Raskelf Road, Helperby.","8","2520000","1764000","315000","","","","","","","","","","","","","","https://constructioncapital.co.uk/news/2026-09-10-hamzb24-00913-ful-harrogate-planning-approved","https://publicaccess.northyorks.gov.uk/online-applications/applicationDetails.do?activeTab=summary&keyVal=SCV5BPHUMN700","315000","1652","0.6","We wrote up your approved scheme at Land To West And South Of Balk Avenue Back Lane Helperby North Yorkshire and modelled high-level senior debt at 70% LTGDV (£1.8m against estimated GDV £2.5m).","Indicative 70% LTGDV funding view for Land To West And South Of Balk Avenue Back Lane Helperby North Yorkshire","Hi there,

I saw that North Yorkshire Council approved HAMZB24/00913/FUL for Land To West And South Of Balk Avenue Back Lane Helperby North Yorkshire. We have written a short market note on the site here: https://constructioncapital.co.uk/news/2026-09-10-hamzb24-00913-ful-harrogate-planning-approved

Using local sold-price data, we estimate GDV at £2.5m. At 70% LTGDV, that points to high-level senior debt of around £1.8m, subject to valuation, cost plan, borrower experience and lender underwriting.

If this is a live scheme, I can put proper indicative terms together from our lender panel within 24 hours.

Regards,
Matt Lenzie
Construction Capital","The Developer


Re: Land To West And South Of Balk Avenue Back Lane Helperby North Yorkshire - approved planning application HAMZB24/00913/FUL

We noticed the recent approval for the above site and have prepared a short market note covering the planning consent, local sold-price evidence and a high-level senior debt view:
https://constructioncapital.co.uk/news/2026-09-10-hamzb24-00913-ful-harrogate-planning-approved

Based on the available data, we estimate GDV at £2.5m. At 70% LTGDV, this indicates potential senior debt of around £1.8m, subject to valuation, cost plan, borrower experience and lender underwriting.

Construction Capital arranges senior debt, mezzanine finance and equity/JV funding for UK property developers. If this site is moving toward acquisition or construction, we can provide formal indicative terms from our lender panel within 24 hours.

Yours faithfully,
Matt Lenzie
Construction Capital"
"25/01838/FUL","08/09/2026","London Borough of Lambeth","primary_consent","greater-london","brixton","73 Woodbourne Avenue London SW16 1UX","SW16 1UX","Conversion of existing property into 5 self-contained flats (1 x 3-bed, 1 x 2-bed, 3 x 1-bed). Alterations to existing side elevation windows/door together with the provision of refuse, cycle storage and other associated works.","5","2321910","1625337","540000","","","","","","","","","","","","","","https://constructioncapital.co.uk/news/2026-09-08-25-01838-ful-brixton-planning-approved","https://planning.lambeth.gov.uk/online-applications/applicationDetails.do?activeTab=summary&keyVal=SXC7QKBOH4Q00","540000","3398","0","We wrote up your approved scheme at 73 Woodbourne Avenue London SW16 1UX and modelled high-level senior debt at 70% LTGDV (£1.6m against estimated GDV £2.3m).","Indicative 70% LTGDV funding view for 73 Woodbourne Avenue London SW16 1UX","Hi there,

I saw that London Borough of Lambeth approved 25/01838/FUL for 73 Woodbourne Avenue London SW16 1UX. We have written a short market note on the site here: https://constructioncapital.co.uk/news/2026-09-08-25-01838-ful-brixton-planning-approved

Using local sold-price data, we estimate GDV at £2.3m. At 70% LTGDV, that points to high-level senior debt of around £1.6m, subject to valuation, cost plan, borrower experience and lender underwriting.

If this is a live scheme, I can put proper indicative terms together from our lender panel within 24 hours.

Regards,
Matt Lenzie
Construction Capital","The Developer


Re: 73 Woodbourne Avenue London SW16 1UX - approved planning application 25/01838/FUL

We noticed the recent approval for the above site and have prepared a short market note covering the planning consent, local sold-price evidence and a high-level senior debt view:
https://constructioncapital.co.uk/news/2026-09-08-25-01838-ful-brixton-planning-approved

Based on the available data, we estimate GDV at £2.3m. At 70% LTGDV, this indicates potential senior debt of around £1.6m, subject to valuation, cost plan, borrower experience and lender underwriting.

Construction Capital arranges senior debt, mezzanine finance and equity/JV funding for UK property developers. If this site is moving toward acquisition or construction, we can provide formal indicative terms from our lender panel within 24 hours.

Yours faithfully,
Matt Lenzie
Construction Capital"
"26/2054/PN2","07/09/2026","Royal Borough of Greenwich","primary_consent","greater-london","woolwich","35-37 MARKET STREET, LONDON, SE18 6QP","SE18 6QP","Prior Notification is sought for the conversion of an empty building into 6 self contained flats ...","6","2160000","1512000","450000","","","","","","","","","","","","","","https://constructioncapital.co.uk/news/2026-09-07-26-2054-pn2-woolwich-planning-approved","https://planning.royalgreenwich.gov.uk/online-applications/applicationDetails.do?activeTab=summary&keyVal=_GRNW_DCAPR_129249","450000","2482","1.1","We wrote up your approved scheme at 35-37 MARKET STREET, LONDON, SE18 6QP and modelled high-level senior debt at 70% LTGDV (£1.5m against estimated GDV £2.2m).","Indicative 70% LTGDV funding view for 35-37 MARKET STREET, LONDON, SE18 6QP","Hi there,

I saw that Royal Borough of Greenwich approved 26/2054/PN2 for 35-37 MARKET STREET, LONDON, SE18 6QP. We have written a short market note on the site here: https://constructioncapital.co.uk/news/2026-09-07-26-2054-pn2-woolwich-planning-approved

Using local sold-price data, we estimate GDV at £2.2m. At 70% LTGDV, that points to high-level senior debt of around £1.5m, subject to valuation, cost plan, borrower experience and lender underwriting.

If this is a live scheme, I can put proper indicative terms together from our lender panel within 24 hours.

Regards,
Matt Lenzie
Construction Capital","The Developer


Re: 35-37 MARKET STREET, LONDON, SE18 6QP - approved planning application 26/2054/PN2

We noticed the recent approval for the above site and have prepared a short market note covering the planning consent, local sold-price evidence and a high-level senior debt view:
https://constructioncapital.co.uk/news/2026-09-07-26-2054-pn2-woolwich-planning-approved

Based on the available data, we estimate GDV at £2.2m. At 70% LTGDV, this indicates potential senior debt of around £1.5m, subject to valuation, cost plan, borrower experience and lender underwriting.

Construction Capital arranges senior debt, mezzanine finance and equity/JV funding for UK property developers. If this site is moving toward acquisition or construction, we can provide formal indicative terms from our lender panel within 24 hours.

Yours faithfully,
Matt Lenzie
Construction Capital"
"26/00845/PIP","07/09/2026","Bromsgrove & Redditch Councils","primary_consent","worcestershire","bromsgrove","Land Adjacent To 22 Alcester Road Wythall Worcestershire B47 5NE","B47 5NE","Permission in principle for erection of upto six dwellings.","6","2010000","1407000","335000","","","","","","","","","","","","","","https://constructioncapital.co.uk/news/2026-09-07-26-00845-pip-bromsgrove-planning-approved","https://publicaccess.bromsgroveandredditch.gov.uk/online-applications/applicationDetails.do?activeTab=summary&keyVal=TI9WGESE00V00","335000","1284","-1.5","We wrote up your approved scheme at Land Adjacent To 22 Alcester Road Wythall Worcestershire B47 5NE and modelled high-level senior debt at 70% LTGDV (£1.4m against estimated GDV £2.0m).","Indicative 70% LTGDV funding view for Land Adjacent To 22 Alcester Road Wythall Worcestershire B47 5NE","Hi there,

I saw that Bromsgrove & Redditch Councils approved 26/00845/PIP for Land Adjacent To 22 Alcester Road Wythall Worcestershire B47 5NE. We have written a short market note on the site here: https://constructioncapital.co.uk/news/2026-09-07-26-00845-pip-bromsgrove-planning-approved

Using local sold-price data, we estimate GDV at £2.0m. At 70% LTGDV, that points to high-level senior debt of around £1.4m, subject to valuation, cost plan, borrower experience and lender underwriting.

If this is a live scheme, I can put proper indicative terms together from our lender panel within 24 hours.

Regards,
Matt Lenzie
Construction Capital","The Developer


Re: Land Adjacent To 22 Alcester Road Wythall Worcestershire B47 5NE - approved planning application 26/00845/PIP

We noticed the recent approval for the above site and have prepared a short market note covering the planning consent, local sold-price evidence and a high-level senior debt view:
https://constructioncapital.co.uk/news/2026-09-07-26-00845-pip-bromsgrove-planning-approved

Based on the available data, we estimate GDV at £2.0m. At 70% LTGDV, this indicates potential senior debt of around £1.4m, subject to valuation, cost plan, borrower experience and lender underwriting.

Construction Capital arranges senior debt, mezzanine finance and equity/JV funding for UK property developers. If this site is moving toward acquisition or construction, we can provide formal indicative terms from our lender panel within 24 hours.

Yours faithfully,
Matt Lenzie
Construction Capital"
"PL/2024/01597/PPFL","08/09/2026","Solihull Metropolitan Borough Council","primary_consent","west-midlands","solihull","Peartree Farm 2141 Warwick Road Knowle Solihull B93 0EF","B93 0EF","Demolition of existing buildings and replacement with five dwellings, together with relocation of existing field access.","5","1640000","1148000","328000","","","","","","","","","","","","","","https://constructioncapital.co.uk/news/2026-09-08-pl-2024-01597-ppfl-solihull-planning-approved","https://publicaccess.solihull.gov.uk/online-applications/applicationDetails.do?activeTab=summary&keyVal=SHWN38OEJXS00","328000","2911","2.5","We wrote up your approved scheme at Peartree Farm 2141 Warwick Road Knowle Solihull B93 0EF and modelled high-level senior debt at 70% LTGDV (£1.1m against estimated GDV £1.6m).","Indicative 70% LTGDV funding view for Peartree Farm 2141 Warwick Road Knowle Solihull B93 0EF","Hi there,

I saw that Solihull Metropolitan Borough Council approved PL/2024/01597/PPFL for Peartree Farm 2141 Warwick Road Knowle Solihull B93 0EF. We have written a short market note on the site here: https://constructioncapital.co.uk/news/2026-09-08-pl-2024-01597-ppfl-solihull-planning-approved

Using local sold-price data, we estimate GDV at £1.6m. At 70% LTGDV, that points to high-level senior debt of around £1.1m, subject to valuation, cost plan, borrower experience and lender underwriting.

If this is a live scheme, I can put proper indicative terms together from our lender panel within 24 hours.

Regards,
Matt Lenzie
Construction Capital","The Developer


Re: Peartree Farm 2141 Warwick Road Knowle Solihull B93 0EF - approved planning application PL/2024/01597/PPFL

We noticed the recent approval for the above site and have prepared a short market note covering the planning consent, local sold-price evidence and a high-level senior debt view:
https://constructioncapital.co.uk/news/2026-09-08-pl-2024-01597-ppfl-solihull-planning-approved

Based on the available data, we estimate GDV at £1.6m. At 70% LTGDV, this indicates potential senior debt of around £1.1m, subject to valuation, cost plan, borrower experience and lender underwriting.

Construction Capital arranges senior debt, mezzanine finance and equity/JV funding for UK property developers. If this site is moving toward acquisition or construction, we can provide formal indicative terms from our lender panel within 24 hours.

Yours faithfully,
Matt Lenzie
Construction Capital"
"PL/2026/0196","09/09/2026","Rochdale Borough Council","primary_consent","greater-manchester","rochdale","Land at Egerton Street (Former New Jerusalem Church), Middleton, M24 4QD","M24 4QD","Erection of seven residential dwellings (Use Class C3) with associated access works including formation of a new dropped kerb, parking, bin storage, landscaping and private amenity space.","7","1365000","955500","195000","Zest Eco","","Mr Matthew Stimpson","","","","","","","","","","","https://constructioncapital.co.uk/news/2026-09-09-pl-2026-0196-rochdale-planning-approved","https://account.rochdale.gov.uk/pr/s/detail/a0rSl00000ijxfkIAA?c__r=Arcus_BE_Public_Register","195000","2798","0.5","We wrote up your approved scheme at Land at Egerton Street (Former New Jerusalem Church), Middleton, M24 4QD and modelled high-level senior debt at 70% LTGDV (£956k against estimated GDV £1.4m).","Indicative 70% LTGDV funding view for Land at Egerton Street (Former New Jerusalem Church), Middleton, M24 4QD","Hi Zest Eco,

I saw that Rochdale Borough Council approved PL/2026/0196 for Land at Egerton Street (Former New Jerusalem Church), Middleton, M24 4QD. We have written a short market note on the site here: https://constructioncapital.co.uk/news/2026-09-09-pl-2026-0196-rochdale-planning-approved

Using local sold-price data, we estimate GDV at £1.4m. At 70% LTGDV, that points to high-level senior debt of around £956k, subject to valuation, cost plan, borrower experience and lender underwriting.

If this is a live scheme, I can put proper indicative terms together from our lender panel within 24 hours.

Regards,
Matt Lenzie
Construction Capital","Zest Eco


Re: Land at Egerton Street (Former New Jerusalem Church), Middleton, M24 4QD - approved planning application PL/2026/0196

We noticed the recent approval for the above site and have prepared a short market note covering the planning consent, local sold-price evidence and a high-level senior debt view:
https://constructioncapital.co.uk/news/2026-09-09-pl-2026-0196-rochdale-planning-approved

Based on the available data, we estimate GDV at £1.4m. At 70% LTGDV, this indicates potential senior debt of around £956k, subject to valuation, cost plan, borrower experience and lender underwriting.

Construction Capital arranges senior debt, mezzanine finance and equity/JV funding for UK property developers. If this site is moving toward acquisition or construction, we can provide formal indicative terms from our lender panel within 24 hours.

Yours faithfully,
Matt Lenzie
Construction Capital"
"PA/2026/1232","07/09/2026","Ashford Borough Council","primary_consent","kent","ashford","Chunnel Estate, Victoria Road, Ashford","","Demolition of three existing light industrial buildings and erection of four replacement light industrial units (Use Class E(g)(iii)) with associated car parking.","4","1360000","952000","340000","Mr Matthew Pestridge","","Mr Justin Prior","","","","","","","","","","","https://constructioncapital.co.uk/news/2026-09-07-pa-2026-1232-ashford-planning-approved","https://abcportal.ashford.gov.uk/pr/s/detail/a0hTw000004yUVZIA2?c__r=Arcus_BE_Public_Register","340000","1860","0","We wrote up your approved scheme at Chunnel Estate, Victoria Road, Ashford and modelled high-level senior debt at 70% LTGDV (£952k against estimated GDV £1.4m).","Indicative 70% LTGDV funding view for Chunnel Estate, Victoria Road, Ashford","Hi Mr Matthew Pestridge,

I saw that Ashford Borough Council approved PA/2026/1232 for Chunnel Estate, Victoria Road, Ashford. We have written a short market note on the site here: https://constructioncapital.co.uk/news/2026-09-07-pa-2026-1232-ashford-planning-approved

Using local sold-price data, we estimate GDV at £1.4m. At 70% LTGDV, that points to high-level senior debt of around £952k, subject to valuation, cost plan, borrower experience and lender underwriting.

If this is a live scheme, I can put proper indicative terms together from our lender panel within 24 hours.

Regards,
Matt Lenzie
Construction Capital","Mr Matthew Pestridge


Re: Chunnel Estate, Victoria Road, Ashford - approved planning application PA/2026/1232

We noticed the recent approval for the above site and have prepared a short market note covering the planning consent, local sold-price evidence and a high-level senior debt view:
https://constructioncapital.co.uk/news/2026-09-07-pa-2026-1232-ashford-planning-approved

Based on the available data, we estimate GDV at £1.4m. At 70% LTGDV, this indicates potential senior debt of around £952k, subject to valuation, cost plan, borrower experience and lender underwriting.

Construction Capital arranges senior debt, mezzanine finance and equity/JV funding for UK property developers. If this site is moving toward acquisition or construction, we can provide formal indicative terms from our lender panel within 24 hours.

Yours faithfully,
Matt Lenzie
Construction Capital"
"CA/24/00935","09/09/2026","Canterbury City Council","primary_consent","kent","canterbury","Rodneys Head North Street Herne Bay CT6 5HB","CT6 5HB","Change of use from a public house to a mixed use comprising seven residential flats and a micro pub facilitated by a two-storey rear extension, dormer windows and rooflights.","7","1314250","919975","335000","","","","","","","","","","","","","","https://constructioncapital.co.uk/news/2026-09-09-ca-24-00935-canterbury-planning-approved","https://pa.canterbury.gov.uk/online-applications/applicationDetails.do?activeTab=summary&keyVal=SECV37EAKKS00","335000","2130","-1.5","We wrote up your approved scheme at Rodneys Head North Street Herne Bay CT6 5HB and modelled high-level senior debt at 70% LTGDV (£920k against estimated GDV £1.3m).","Indicative 70% LTGDV funding view for Rodneys Head North Street Herne Bay CT6 5HB","Hi there,

I saw that Canterbury City Council approved CA/24/00935 for Rodneys Head North Street Herne Bay CT6 5HB. We have written a short market note on the site here: https://constructioncapital.co.uk/news/2026-09-09-ca-24-00935-canterbury-planning-approved

Using local sold-price data, we estimate GDV at £1.3m. At 70% LTGDV, that points to high-level senior debt of around £920k, subject to valuation, cost plan, borrower experience and lender underwriting.

If this is a live scheme, I can put proper indicative terms together from our lender panel within 24 hours.

Regards,
Matt Lenzie
Construction Capital","The Developer


Re: Rodneys Head North Street Herne Bay CT6 5HB - approved planning application CA/24/00935

We noticed the recent approval for the above site and have prepared a short market note covering the planning consent, local sold-price evidence and a high-level senior debt view:
https://constructioncapital.co.uk/news/2026-09-09-ca-24-00935-canterbury-planning-approved

Based on the available data, we estimate GDV at £1.3m. At 70% LTGDV, this indicates potential senior debt of around £920k, subject to valuation, cost plan, borrower experience and lender underwriting.

Construction Capital arranges senior debt, mezzanine finance and equity/JV funding for UK property developers. If this site is moving toward acquisition or construction, we can provide formal indicative terms from our lender panel within 24 hours.

Yours faithfully,
Matt Lenzie
Construction Capital"
"2026/2567","10/09/2026","London Borough of Wandsworth","primary_consent","greater-london","battersea","Flat 1 100 Mysore Road SW11 5SA","SW11 5SA","Use of the basement and ground floor as 2 x separate self-contained dwellings (Class C3).","2","1280000","896000","640000","Matthew Matejka","","DRAW","","","","","","","","","","","https://constructioncapital.co.uk/news/2026-09-10-2026-2567-battersea-planning-approved","https://planning.wandsworth.gov.uk/Northgate/PlanningExplorer/generalsearch.aspx","640000","4399","2.4","We wrote up your approved scheme at Flat 1 100 Mysore Road SW11 5SA and modelled high-level senior debt at 70% LTGDV (£896k against estimated GDV £1.3m).","Indicative 70% LTGDV funding view for Flat 1 100 Mysore Road SW11 5SA","Hi Matthew Matejka,

I saw that London Borough of Wandsworth approved 2026/2567 for Flat 1 100 Mysore Road SW11 5SA. We have written a short market note on the site here: https://constructioncapital.co.uk/news/2026-09-10-2026-2567-battersea-planning-approved

Using local sold-price data, we estimate GDV at £1.3m. At 70% LTGDV, that points to high-level senior debt of around £896k, subject to valuation, cost plan, borrower experience and lender underwriting.

If this is a live scheme, I can put proper indicative terms together from our lender panel within 24 hours.

Regards,
Matt Lenzie
Construction Capital","Matthew Matejka


Re: Flat 1 100 Mysore Road SW11 5SA - approved planning application 2026/2567

We noticed the recent approval for the above site and have prepared a short market note covering the planning consent, local sold-price evidence and a high-level senior debt view:
https://constructioncapital.co.uk/news/2026-09-10-2026-2567-battersea-planning-approved

Based on the available data, we estimate GDV at £1.3m. At 70% LTGDV, this indicates potential senior debt of around £896k, subject to valuation, cost plan, borrower experience and lender underwriting.

Construction Capital arranges senior debt, mezzanine finance and equity/JV funding for UK property developers. If this site is moving toward acquisition or construction, we can provide formal indicative terms from our lender panel within 24 hours.

Yours faithfully,
Matt Lenzie
Construction Capital"
"26/1088","07/09/2026","London Borough of Brent","primary_consent","greater-london","wembley","60 Acton Lane, London, NW10 8TU","NW10 8TU","Proposed conversion of single dwellinghouse into 3x self-contained flats, soft landscaping, cycle...","3","1139835","797885","520000","","","","","","","","","","","","","","https://constructioncapital.co.uk/news/2026-09-07-26-1088-wembley-planning-approved","https://pa.brent.gov.uk/online-applications/applicationDetails.do?activeTab=summary&keyVal=DCAPR_177300","520000","2087","-1.5","We wrote up your approved scheme at 60 Acton Lane, London, NW10 8TU and modelled high-level senior debt at 70% LTGDV (£798k against estimated GDV £1.1m).","Indicative 70% LTGDV funding view for 60 Acton Lane, London, NW10 8TU","Hi there,

I saw that London Borough of Brent approved 26/1088 for 60 Acton Lane, London, NW10 8TU. We have written a short market note on the site here: https://constructioncapital.co.uk/news/2026-09-07-26-1088-wembley-planning-approved

Using local sold-price data, we estimate GDV at £1.1m. At 70% LTGDV, that points to high-level senior debt of around £798k, subject to valuation, cost plan, borrower experience and lender underwriting.

If this is a live scheme, I can put proper indicative terms together from our lender panel within 24 hours.

Regards,
Matt Lenzie
Construction Capital","The Developer


Re: 60 Acton Lane, London, NW10 8TU - approved planning application 26/1088

We noticed the recent approval for the above site and have prepared a short market note covering the planning consent, local sold-price evidence and a high-level senior debt view:
https://constructioncapital.co.uk/news/2026-09-07-26-1088-wembley-planning-approved

Based on the available data, we estimate GDV at £1.1m. At 70% LTGDV, this indicates potential senior debt of around £798k, subject to valuation, cost plan, borrower experience and lender underwriting.

Construction Capital arranges senior debt, mezzanine finance and equity/JV funding for UK property developers. If this site is moving toward acquisition or construction, we can provide formal indicative terms from our lender panel within 24 hours.

Yours faithfully,
Matt Lenzie
Construction Capital"
"2026/2332","07/09/2026","London Borough of Wandsworth","primary_consent","greater-london","battersea","111 Mitcham Lane SW16 6LY","SW16 6LY","Determination as to whether prior approval is required for change of use from commercial (Class E use) at ground-floor and basement to two residential flats (Class C3 use).","2","1040000","728000","640000","Paz","","Shloime Godlewsky","","","","","","","","","","","https://constructioncapital.co.uk/news/2026-09-07-2026-2332-battersea-planning-approved","https://planning.wandsworth.gov.uk/Northgate/PlanningExplorer/generalsearch.aspx","640000","4399","2.4","We wrote up your approved scheme at 111 Mitcham Lane SW16 6LY and modelled high-level senior debt at 70% LTGDV (£728k against estimated GDV £1.0m).","Indicative 70% LTGDV funding view for 111 Mitcham Lane SW16 6LY","Hi Paz,

I saw that London Borough of Wandsworth approved 2026/2332 for 111 Mitcham Lane SW16 6LY. We have written a short market note on the site here: https://constructioncapital.co.uk/news/2026-09-07-2026-2332-battersea-planning-approved

Using local sold-price data, we estimate GDV at £1.0m. At 70% LTGDV, that points to high-level senior debt of around £728k, subject to valuation, cost plan, borrower experience and lender underwriting.

If this is a live scheme, I can put proper indicative terms together from our lender panel within 24 hours.

Regards,
Matt Lenzie
Construction Capital","Paz


Re: 111 Mitcham Lane SW16 6LY - approved planning application 2026/2332

We noticed the recent approval for the above site and have prepared a short market note covering the planning consent, local sold-price evidence and a high-level senior debt view:
https://constructioncapital.co.uk/news/2026-09-07-2026-2332-battersea-planning-approved

Based on the available data, we estimate GDV at £1.0m. At 70% LTGDV, this indicates potential senior debt of around £728k, subject to valuation, cost plan, borrower experience and lender underwriting.

Construction Capital arranges senior debt, mezzanine finance and equity/JV funding for UK property developers. If this site is moving toward acquisition or construction, we can provide formal indicative terms from our lender panel within 24 hours.

Yours faithfully,
Matt Lenzie
Construction Capital"
"261582","07/09/2026","Wokingham Borough Council","primary_consent","berkshire","wokingham","192 Silverdale Road Earley Wokingham RG6 7NB","RG6 7NB","Full application for the proposed sub-division of existing house into 2 no. dwellings, including demolition of existing conservatory.","2","950000","665000","475000","","","","","","","","","","","","","","https://constructioncapital.co.uk/news/2026-09-07-261582-wokingham-planning-approved","https://planning.wokingham.gov.uk/FastWebPL/detail.asp?AltRef=261582","475000","2320","-3.6","We wrote up your approved scheme at 192 Silverdale Road Earley Wokingham RG6 7NB and modelled high-level senior debt at 70% LTGDV (£665k against estimated GDV £950k).","Indicative 70% LTGDV funding view for 192 Silverdale Road Earley Wokingham RG6 7NB","Hi there,

I saw that Wokingham Borough Council approved 261582 for 192 Silverdale Road Earley Wokingham RG6 7NB. We have written a short market note on the site here: https://constructioncapital.co.uk/news/2026-09-07-261582-wokingham-planning-approved

Using local sold-price data, we estimate GDV at £950k. At 70% LTGDV, that points to high-level senior debt of around £665k, subject to valuation, cost plan, borrower experience and lender underwriting.

If this is a live scheme, I can put proper indicative terms together from our lender panel within 24 hours.

Regards,
Matt Lenzie
Construction Capital","The Developer


Re: 192 Silverdale Road Earley Wokingham RG6 7NB - approved planning application 261582

We noticed the recent approval for the above site and have prepared a short market note covering the planning consent, local sold-price evidence and a high-level senior debt view:
https://constructioncapital.co.uk/news/2026-09-07-261582-wokingham-planning-approved

Based on the available data, we estimate GDV at £950k. At 70% LTGDV, this indicates potential senior debt of around £665k, subject to valuation, cost plan, borrower experience and lender underwriting.

Construction Capital arranges senior debt, mezzanine finance and equity/JV funding for UK property developers. If this site is moving toward acquisition or construction, we can provide formal indicative terms from our lender panel within 24 hours.

Yours faithfully,
Matt Lenzie
Construction Capital"
"2020/1714/FUL","07/09/2026","Mendip District Council (legacy portal)","primary_consent","somerset","frome","Crapnell Farmhouse Crapnell Lane Dinder Wells Somerset BA5 3HG","BA5 3HG","Application for full planning permission to convert traditional barns to 3 x residential dwellings, demolition of non-traditional buildings and erection of garage buildings.","3","930000","651000","310000","","","","","","","","","","","","","","https://constructioncapital.co.uk/news/2026-09-07-2020-1714-ful-frome-planning-approved","https://publicaccess.mendip.gov.uk/online-applications/applicationDetails.do?activeTab=summary&keyVal=QG38WXKPFKQ00","310000","587","-6.1","We wrote up your approved scheme at Crapnell Farmhouse Crapnell Lane Dinder Wells Somerset BA5 3HG and modelled high-level senior debt at 70% LTGDV (£651k against estimated GDV £930k).","Indicative 70% LTGDV funding view for Crapnell Farmhouse Crapnell Lane Dinder Wells Somerset BA5 3HG","Hi there,

I saw that Mendip District Council (legacy portal) approved 2020/1714/FUL for Crapnell Farmhouse Crapnell Lane Dinder Wells Somerset BA5 3HG. We have written a short market note on the site here: https://constructioncapital.co.uk/news/2026-09-07-2020-1714-ful-frome-planning-approved

Using local sold-price data, we estimate GDV at £930k. At 70% LTGDV, that points to high-level senior debt of around £651k, subject to valuation, cost plan, borrower experience and lender underwriting.

If this is a live scheme, I can put proper indicative terms together from our lender panel within 24 hours.

Regards,
Matt Lenzie
Construction Capital","The Developer


Re: Crapnell Farmhouse Crapnell Lane Dinder Wells Somerset BA5 3HG - approved planning application 2020/1714/FUL

We noticed the recent approval for the above site and have prepared a short market note covering the planning consent, local sold-price evidence and a high-level senior debt view:
https://constructioncapital.co.uk/news/2026-09-07-2020-1714-ful-frome-planning-approved

Based on the available data, we estimate GDV at £930k. At 70% LTGDV, this indicates potential senior debt of around £651k, subject to valuation, cost plan, borrower experience and lender underwriting.

Construction Capital arranges senior debt, mezzanine finance and equity/JV funding for UK property developers. If this site is moving toward acquisition or construction, we can provide formal indicative terms from our lender panel within 24 hours.

Yours faithfully,
Matt Lenzie
Construction Capital"
"25/01573/FUL","11/09/2026","London Borough of Lambeth","primary_consent","greater-london","brixton","122 St Julian's Farm Road London SE27 0RR","SE27 0RR","Conversion of ground floor 3-bed flat into two self-contained flats (1 x studio and 1 x 2 bed), together with private amenity space, refuse/cycle storage and the installation of 1.8m high fence with gate to the rear garden. .","2","928764","650135","540000","","","","","","","","","","","","","","https://constructioncapital.co.uk/news/2026-09-11-25-01573-ful-brixton-planning-approved","https://planning.lambeth.gov.uk/online-applications/applicationDetails.do?activeTab=summary&keyVal=SW78P6BOFQE00","540000","3398","0","We wrote up your approved scheme at 122 St Julian's Farm Road London SE27 0RR and modelled high-level senior debt at 70% LTGDV (£650k against estimated GDV £929k).","Indicative 70% LTGDV funding view for 122 St Julian's Farm Road London SE27 0RR","Hi there,

I saw that London Borough of Lambeth approved 25/01573/FUL for 122 St Julian's Farm Road London SE27 0RR. We have written a short market note on the site here: https://constructioncapital.co.uk/news/2026-09-11-25-01573-ful-brixton-planning-approved

Using local sold-price data, we estimate GDV at £929k. At 70% LTGDV, that points to high-level senior debt of around £650k, subject to valuation, cost plan, borrower experience and lender underwriting.

If this is a live scheme, I can put proper indicative terms together from our lender panel within 24 hours.

Regards,
Matt Lenzie
Construction Capital","The Developer


Re: 122 St Julian's Farm Road London SE27 0RR - approved planning application 25/01573/FUL

We noticed the recent approval for the above site and have prepared a short market note covering the planning consent, local sold-price evidence and a high-level senior debt view:
https://constructioncapital.co.uk/news/2026-09-11-25-01573-ful-brixton-planning-approved

Based on the available data, we estimate GDV at £929k. At 70% LTGDV, this indicates potential senior debt of around £650k, subject to valuation, cost plan, borrower experience and lender underwriting.

Construction Capital arranges senior debt, mezzanine finance and equity/JV funding for UK property developers. If this site is moving toward acquisition or construction, we can provide formal indicative terms from our lender panel within 24 hours.

Yours faithfully,
Matt Lenzie
Construction Capital"
"25/00687/FULM","09/09/2026","Lichfield District Council","primary_consent","staffordshire","lichfield","Blue Hoarded Site Land Off Milestone Way Burntwood","","Erection of 3 units comprising; Unit 3: 316 sqm(subdivided into 3 Class Ea retail units), Unit 4: 1858 sq m for retail use (Class Ea) and Unit 5: 2328sqm for retail and garden centre (Class Ea), 1 Drive Thru restaurant, including formation of new accesses off Robins Road and Morrisons service road, car parking, landscaping and associated works.","3","907275","635093","302425","","","","","","","","","","","","","","https://constructioncapital.co.uk/news/2026-09-09-25-00687-fulm-lichfield-planning-approved","https://planning.lichfielddc.gov.uk/online-applications/applicationDetails.do?activeTab=summary&keyVal=SX8GODJEGMY00","302425","1660","-0.5","We wrote up your approved scheme at Blue Hoarded Site Land Off Milestone Way Burntwood and modelled high-level senior debt at 70% LTGDV (£635k against estimated GDV £907k).","Indicative 70% LTGDV funding view for Blue Hoarded Site Land Off Milestone Way Burntwood","Hi there,

I saw that Lichfield District Council approved 25/00687/FULM for Blue Hoarded Site Land Off Milestone Way Burntwood. We have written a short market note on the site here: https://constructioncapital.co.uk/news/2026-09-09-25-00687-fulm-lichfield-planning-approved

Using local sold-price data, we estimate GDV at £907k. At 70% LTGDV, that points to high-level senior debt of around £635k, subject to valuation, cost plan, borrower experience and lender underwriting.

If this is a live scheme, I can put proper indicative terms together from our lender panel within 24 hours.

Regards,
Matt Lenzie
Construction Capital","The Developer


Re: Blue Hoarded Site Land Off Milestone Way Burntwood - approved planning application 25/00687/FULM

We noticed the recent approval for the above site and have prepared a short market note covering the planning consent, local sold-price evidence and a high-level senior debt view:
https://constructioncapital.co.uk/news/2026-09-09-25-00687-fulm-lichfield-planning-approved

Based on the available data, we estimate GDV at £907k. At 70% LTGDV, this indicates potential senior debt of around £635k, subject to valuation, cost plan, borrower experience and lender underwriting.

Construction Capital arranges senior debt, mezzanine finance and equity/JV funding for UK property developers. If this site is moving toward acquisition or construction, we can provide formal indicative terms from our lender panel within 24 hours.

Yours faithfully,
Matt Lenzie
Construction Capital"
"DC/26/0683/RM","07/09/2026","West Suffolk Council","reserved_matters","suffolk","bury-st-edmunds","Hatchfield Farm Fordham Road Newmarket Suffolk CB8 7XL","CB8 7XL","Reserved matters application - submission of details under outline planning permission DC/24/0720/OUT - access (other than the previously approved and installed means of access), appearance, landscaping, layout and scale - for the construction of three commercial units (use class B2/B8 and E(g)","3","870000","609000","290000","","","","","","","","","","","","","","https://constructioncapital.co.uk/news/2026-09-07-dc-26-0683-rm-bury-st-edmunds-planning-approved","https://planning.westsuffolk.gov.uk/online-applications/applicationDetails.do?activeTab=summary&keyVal=TEBCGTPDKLT00","290000","1515","-2.5","We wrote up your approved scheme at Hatchfield Farm Fordham Road Newmarket Suffolk CB8 7XL and modelled high-level senior debt at 70% LTGDV (£609k against estimated GDV £870k).","Indicative 70% LTGDV funding view for Hatchfield Farm Fordham Road Newmarket Suffolk CB8 7XL","Hi there,

I saw that West Suffolk Council approved DC/26/0683/RM for Hatchfield Farm Fordham Road Newmarket Suffolk CB8 7XL. We have written a short market note on the site here: https://constructioncapital.co.uk/news/2026-09-07-dc-26-0683-rm-bury-st-edmunds-planning-approved

Using local sold-price data, we estimate GDV at £870k. At 70% LTGDV, that points to high-level senior debt of around £609k, subject to valuation, cost plan, borrower experience and lender underwriting.

If this is a live scheme, I can put proper indicative terms together from our lender panel within 24 hours.

Regards,
Matt Lenzie
Construction Capital","The Developer


Re: Hatchfield Farm Fordham Road Newmarket Suffolk CB8 7XL - approved planning application DC/26/0683/RM

We noticed the recent approval for the above site and have prepared a short market note covering the planning consent, local sold-price evidence and a high-level senior debt view:
https://constructioncapital.co.uk/news/2026-09-07-dc-26-0683-rm-bury-st-edmunds-planning-approved

Based on the available data, we estimate GDV at £870k. At 70% LTGDV, this indicates potential senior debt of around £609k, subject to valuation, cost plan, borrower experience and lender underwriting.

Construction Capital arranges senior debt, mezzanine finance and equity/JV funding for UK property developers. If this site is moving toward acquisition or construction, we can provide formal indicative terms from our lender panel within 24 hours.

Yours faithfully,
Matt Lenzie
Construction Capital"
"26/00695/LBC","10/09/2026","Chelmsford City Council","primary_consent","essex","chelmsford","The Anchor  Runsell Green Danbury Chelmsford Essex CM3 4QZ","CM3 4QZ","Installation Of Replacement Signs To Include 2X Sets Of Individual House Name Letters, 1X Menu Case, 1X Door Plaque, 1X Welcome Panel. Addition Of 3X Floodlights And Refurbish 2X Existing Lanterns.","2","800000","560000","400000","Mr Simon Pettifer - Greene King","","Mr Dharmesh Patel","","","","","","","","","","","https://constructioncapital.co.uk/news/2026-09-10-26-00695-lbc-chelmsford-planning-approved","https://planning.chelmsford.gov.uk/planning/search-applications#VIEW?RefType=GFPlanning&KeyNo=654957","400000","2506","1.3","We wrote up your approved scheme at The Anchor  Runsell Green Danbury Chelmsford Essex CM3 4QZ and modelled high-level senior debt at 70% LTGDV (£560k against estimated GDV £800k).","Indicative 70% LTGDV funding view for The Anchor  Runsell Green Danbury Chelmsford Essex CM3 4QZ","Hi Mr Simon Pettifer - Greene King,

I saw that Chelmsford City Council approved 26/00695/LBC for The Anchor  Runsell Green Danbury Chelmsford Essex CM3 4QZ. We have written a short market note on the site here: https://constructioncapital.co.uk/news/2026-09-10-26-00695-lbc-chelmsford-planning-approved

Using local sold-price data, we estimate GDV at £800k. At 70% LTGDV, that points to high-level senior debt of around £560k, subject to valuation, cost plan, borrower experience and lender underwriting.

If this is a live scheme, I can put proper indicative terms together from our lender panel within 24 hours.

Regards,
Matt Lenzie
Construction Capital","Mr Simon Pettifer - Greene King


Re: The Anchor  Runsell Green Danbury Chelmsford Essex CM3 4QZ - approved planning application 26/00695/LBC

We noticed the recent approval for the above site and have prepared a short market note covering the planning consent, local sold-price evidence and a high-level senior debt view:
https://constructioncapital.co.uk/news/2026-09-10-26-00695-lbc-chelmsford-planning-approved

Based on the available data, we estimate GDV at £800k. At 70% LTGDV, this indicates potential senior debt of around £560k, subject to valuation, cost plan, borrower experience and lender underwriting.

Construction Capital arranges senior debt, mezzanine finance and equity/JV funding for UK property developers. If this site is moving toward acquisition or construction, we can provide formal indicative terms from our lender panel within 24 hours.

Yours faithfully,
Matt Lenzie
Construction Capital"
"26/1723","09/09/2026","London Borough of Brent","primary_consent","greater-london","wembley","128 Church Lane, London, NW9 8SS","NW9 8SS","Proposed conversion of single dwellinghouse into 2x self-contained flats, alteration to front por...","2","759890","531923","520000","","","","","","","","","","","","","","https://constructioncapital.co.uk/news/2026-09-09-26-1723-wembley-planning-approved","https://pa.brent.gov.uk/online-applications/applicationDetails.do?activeTab=summary&keyVal=DCAPR_178001","520000","2087","-1.5","We wrote up your approved scheme at 128 Church Lane, London, NW9 8SS and modelled high-level senior debt at 70% LTGDV (£532k against estimated GDV £760k).","Indicative 70% LTGDV funding view for 128 Church Lane, London, NW9 8SS","Hi there,

I saw that London Borough of Brent approved 26/1723 for 128 Church Lane, London, NW9 8SS. We have written a short market note on the site here: https://constructioncapital.co.uk/news/2026-09-09-26-1723-wembley-planning-approved

Using local sold-price data, we estimate GDV at £760k. At 70% LTGDV, that points to high-level senior debt of around £532k, subject to valuation, cost plan, borrower experience and lender underwriting.

If this is a live scheme, I can put proper indicative terms together from our lender panel within 24 hours.

Regards,
Matt Lenzie
Construction Capital","The Developer


Re: 128 Church Lane, London, NW9 8SS - approved planning application 26/1723

We noticed the recent approval for the above site and have prepared a short market note covering the planning consent, local sold-price evidence and a high-level senior debt view:
https://constructioncapital.co.uk/news/2026-09-09-26-1723-wembley-planning-approved

Based on the available data, we estimate GDV at £760k. At 70% LTGDV, this indicates potential senior debt of around £532k, subject to valuation, cost plan, borrower experience and lender underwriting.

Construction Capital arranges senior debt, mezzanine finance and equity/JV funding for UK property developers. If this site is moving toward acquisition or construction, we can provide formal indicative terms from our lender panel within 24 hours.

Yours faithfully,
Matt Lenzie
Construction Capital"
"25/00138/ADP","11/09/2026","Buckinghamshire Council","reserved_matters","buckinghamshire","amersham","Fresh Fields Stock Lane Whaddon Buckinghamshire MK17 0LS","MK17 0LS","Submission of Reserved Matters (access, landscaping, appearance, scale and layout) pursuant to Outline Planning Permission 19/03666/AOP (single dwelling, including variation of site boundaries (approved under 16/01298/AOP)","1","725000","507500","725000","","","","","","","","","","","","","","https://constructioncapital.co.uk/news/2026-09-11-25-00138-adp-amersham-planning-approved","https://publicaccess.buckinghamshire.gov.uk/online-applications/applicationDetails.do?activeTab=summary&keyVal=SQ8971CLHTC00","725000","280","2.1","We wrote up your approved scheme at Fresh Fields Stock Lane Whaddon Buckinghamshire MK17 0LS and modelled high-level senior debt at 70% LTGDV (£508k against estimated GDV £725k).","Indicative 70% LTGDV funding view for Fresh Fields Stock Lane Whaddon Buckinghamshire MK17 0LS","Hi there,

I saw that Buckinghamshire Council approved 25/00138/ADP for Fresh Fields Stock Lane Whaddon Buckinghamshire MK17 0LS. We have written a short market note on the site here: https://constructioncapital.co.uk/news/2026-09-11-25-00138-adp-amersham-planning-approved

Using local sold-price data, we estimate GDV at £725k. At 70% LTGDV, that points to high-level senior debt of around £508k, subject to valuation, cost plan, borrower experience and lender underwriting.

If this is a live scheme, I can put proper indicative terms together from our lender panel within 24 hours.

Regards,
Matt Lenzie
Construction Capital","The Developer


Re: Fresh Fields Stock Lane Whaddon Buckinghamshire MK17 0LS - approved planning application 25/00138/ADP

We noticed the recent approval for the above site and have prepared a short market note covering the planning consent, local sold-price evidence and a high-level senior debt view:
https://constructioncapital.co.uk/news/2026-09-11-25-00138-adp-amersham-planning-approved

Based on the available data, we estimate GDV at £725k. At 70% LTGDV, this indicates potential senior debt of around £508k, subject to valuation, cost plan, borrower experience and lender underwriting.

Construction Capital arranges senior debt, mezzanine finance and equity/JV funding for UK property developers. If this site is moving toward acquisition or construction, we can provide formal indicative terms from our lender panel within 24 hours.

Yours faithfully,
Matt Lenzie
Construction Capital"
"25/00521/APP","09/09/2026","Buckinghamshire Council","primary_consent","buckinghamshire","amersham","Oakwood Farm Ledburn Mentmore Buckinghamshire LU7 0QD","LU7 0QD","Construction of replacement dwelling and associated works and change of use of land to residential.","1","725000","507500","725000","","","","","","","","","","","","","","https://constructioncapital.co.uk/news/2026-09-09-25-00521-app-amersham-planning-approved","https://publicaccess.buckinghamshire.gov.uk/online-applications/applicationDetails.do?activeTab=summary&keyVal=SS6ML1CLIX700","725000","280","2.1","We wrote up your approved scheme at Oakwood Farm Ledburn Mentmore Buckinghamshire LU7 0QD and modelled high-level senior debt at 70% LTGDV (£508k against estimated GDV £725k).","Indicative 70% LTGDV funding view for Oakwood Farm Ledburn Mentmore Buckinghamshire LU7 0QD","Hi there,

I saw that Buckinghamshire Council approved 25/00521/APP for Oakwood Farm Ledburn Mentmore Buckinghamshire LU7 0QD. We have written a short market note on the site here: https://constructioncapital.co.uk/news/2026-09-09-25-00521-app-amersham-planning-approved

Using local sold-price data, we estimate GDV at £725k. At 70% LTGDV, that points to high-level senior debt of around £508k, subject to valuation, cost plan, borrower experience and lender underwriting.

If this is a live scheme, I can put proper indicative terms together from our lender panel within 24 hours.

Regards,
Matt Lenzie
Construction Capital","The Developer


Re: Oakwood Farm Ledburn Mentmore Buckinghamshire LU7 0QD - approved planning application 25/00521/APP

We noticed the recent approval for the above site and have prepared a short market note covering the planning consent, local sold-price evidence and a high-level senior debt view:
https://constructioncapital.co.uk/news/2026-09-09-25-00521-app-amersham-planning-approved

Based on the available data, we estimate GDV at £725k. At 70% LTGDV, this indicates potential senior debt of around £508k, subject to valuation, cost plan, borrower experience and lender underwriting.

Construction Capital arranges senior debt, mezzanine finance and equity/JV funding for UK property developers. If this site is moving toward acquisition or construction, we can provide formal indicative terms from our lender panel within 24 hours.

Yours faithfully,
Matt Lenzie
Construction Capital"
"CA/25/01305","11/09/2026","Canterbury City Council","primary_consent","kent","canterbury","48 - 52 William Street Herne Bay Kent CT6 5PB","CT6 5PB","2 semi-detached, two-storey dwellings, use of existing building as 2 dwellings with side dormers and rooflights, single-storey rear extension to office building, change of use of commercial unit to residential and external material alterations following demolition of the existing outbuildings.","2","675500","472850","335000","","","","","","","","","","","","","","https://constructioncapital.co.uk/news/2026-09-11-ca-25-01305-canterbury-planning-approved","https://pa.canterbury.gov.uk/online-applications/applicationDetails.do?activeTab=summary&keyVal=SZSS15EAI4V00","335000","2130","-1.5","We wrote up your approved scheme at 48 - 52 William Street Herne Bay Kent CT6 5PB and modelled high-level senior debt at 70% LTGDV (£473k against estimated GDV £676k).","Indicative 70% LTGDV funding view for 48 - 52 William Street Herne Bay Kent CT6 5PB","Hi there,

I saw that Canterbury City Council approved CA/25/01305 for 48 - 52 William Street Herne Bay Kent CT6 5PB. We have written a short market note on the site here: https://constructioncapital.co.uk/news/2026-09-11-ca-25-01305-canterbury-planning-approved

Using local sold-price data, we estimate GDV at £676k. At 70% LTGDV, that points to high-level senior debt of around £473k, subject to valuation, cost plan, borrower experience and lender underwriting.

If this is a live scheme, I can put proper indicative terms together from our lender panel within 24 hours.

Regards,
Matt Lenzie
Construction Capital","The Developer


Re: 48 - 52 William Street Herne Bay Kent CT6 5PB - approved planning application CA/25/01305

We noticed the recent approval for the above site and have prepared a short market note covering the planning consent, local sold-price evidence and a high-level senior debt view:
https://constructioncapital.co.uk/news/2026-09-11-ca-25-01305-canterbury-planning-approved

Based on the available data, we estimate GDV at £676k. At 70% LTGDV, this indicates potential senior debt of around £473k, subject to valuation, cost plan, borrower experience and lender underwriting.

Construction Capital arranges senior debt, mezzanine finance and equity/JV funding for UK property developers. If this site is moving toward acquisition or construction, we can provide formal indicative terms from our lender panel within 24 hours.

Yours faithfully,
Matt Lenzie
Construction Capital"
"PL/26/0243","08/09/2026","Reading Borough Council","primary_consent","berkshire","reading","1 CHRISTCHURCH ROAD, READING, RG2 7AB","RG2 7AB","Works associated with the change of use of existing Grade II Listed Building Doctors Surgery to three flats.","3","675000","472500","340625","Mr and Mrs S and J Dhanjal","","Claire Truman","","","","","","","","","","","https://constructioncapital.co.uk/news/2026-09-08-pl-26-0243-reading-planning-approved","https://publicregister.reading.gov.uk/pr/s/detail/a0zP2000009DfRZIA0?c__r=Arcus_BE_Public_Register","340625","2138","-2","We wrote up your approved scheme at 1 CHRISTCHURCH ROAD, READING, RG2 7AB and modelled high-level senior debt at 70% LTGDV (£473k against estimated GDV £675k).","Indicative 70% LTGDV funding view for 1 CHRISTCHURCH ROAD, READING, RG2 7AB","Hi Mr and Mrs S and J Dhanjal,

I saw that Reading Borough Council approved PL/26/0243 for 1 CHRISTCHURCH ROAD, READING, RG2 7AB. We have written a short market note on the site here: https://constructioncapital.co.uk/news/2026-09-08-pl-26-0243-reading-planning-approved

Using local sold-price data, we estimate GDV at £675k. At 70% LTGDV, that points to high-level senior debt of around £473k, subject to valuation, cost plan, borrower experience and lender underwriting.

If this is a live scheme, I can put proper indicative terms together from our lender panel within 24 hours.

Regards,
Matt Lenzie
Construction Capital","Mr and Mrs S and J Dhanjal


Re: 1 CHRISTCHURCH ROAD, READING, RG2 7AB - approved planning application PL/26/0243

We noticed the recent approval for the above site and have prepared a short market note covering the planning consent, local sold-price evidence and a high-level senior debt view:
https://constructioncapital.co.uk/news/2026-09-08-pl-26-0243-reading-planning-approved

Based on the available data, we estimate GDV at £675k. At 70% LTGDV, this indicates potential senior debt of around £473k, subject to valuation, cost plan, borrower experience and lender underwriting.

Construction Capital arranges senior debt, mezzanine finance and equity/JV funding for UK property developers. If this site is moving toward acquisition or construction, we can provide formal indicative terms from our lender panel within 24 hours.

Yours faithfully,
Matt Lenzie
Construction Capital"
"26/02792/FPA","08/09/2026","London Borough of Bromley","primary_consent","greater-london","bromley","103 MAPLE ROAD, PENGE, LONDON, SE20 8LP","SE20 8LP","Conversion of existing flat into 2x studio flats with associated secured refuse and cycle storage.","2","660000","462000","500000","Mr Virk","","Mr Ravjeet Virdee","","","","","","","","","","","https://constructioncapital.co.uk/news/2026-09-08-26-02792-fpa-bromley-planning-approved","https://planningaccess.bromley.gov.uk/pr/s/detail/a0lTv000003YjozIAC?c__r=Arcus_BE_Public_Register","500000","4124","1","We wrote up your approved scheme at 103 MAPLE ROAD, PENGE, LONDON, SE20 8LP and modelled high-level senior debt at 70% LTGDV (£462k against estimated GDV £660k).","Indicative 70% LTGDV funding view for 103 MAPLE ROAD, PENGE, LONDON, SE20 8LP","Hi Mr Virk,

I saw that London Borough of Bromley approved 26/02792/FPA for 103 MAPLE ROAD, PENGE, LONDON, SE20 8LP. We have written a short market note on the site here: https://constructioncapital.co.uk/news/2026-09-08-26-02792-fpa-bromley-planning-approved

Using local sold-price data, we estimate GDV at £660k. At 70% LTGDV, that points to high-level senior debt of around £462k, subject to valuation, cost plan, borrower experience and lender underwriting.

If this is a live scheme, I can put proper indicative terms together from our lender panel within 24 hours.

Regards,
Matt Lenzie
Construction Capital","Mr Virk


Re: 103 MAPLE ROAD, PENGE, LONDON, SE20 8LP - approved planning application 26/02792/FPA

We noticed the recent approval for the above site and have prepared a short market note covering the planning consent, local sold-price evidence and a high-level senior debt view:
https://constructioncapital.co.uk/news/2026-09-08-26-02792-fpa-bromley-planning-approved

Based on the available data, we estimate GDV at £660k. At 70% LTGDV, this indicates potential senior debt of around £462k, subject to valuation, cost plan, borrower experience and lender underwriting.

Construction Capital arranges senior debt, mezzanine finance and equity/JV funding for UK property developers. If this site is moving toward acquisition or construction, we can provide formal indicative terms from our lender panel within 24 hours.

Yours faithfully,
Matt Lenzie
Construction Capital"
"2026/1959","09/09/2026","London Borough of Wandsworth","primary_consent","greater-london","battersea","167 Oakhill Road SW15 2QW","SW15 2QW","Listed Building Consent for alterations including installation of a conservation style skylight to the existing side extension; installation of French doors to the existing extension; renovation of the existing link between the main building and outbuilding; reinstatement of a semi circular window to the rear elevation; installation of new timber fenestration to the front, rear and first floor side elevations; removal of part of a window and replacement with a door to the side elevation; removal and partial replacement of external render; installation of two rooflights to the mezzanine; and provision of bin and cycle storage in connection with the conversion of a Grade II Listed Building from office (Class E) to a 3 bedroom dwelling (Class C3)","1","640000","448000","640000","Mr Alexander Collingwood-Anstey","","Chestnut Planning","","","","","","","","","","","https://constructioncapital.co.uk/news/2026-09-09-2026-1959-battersea-planning-approved","https://planning.wandsworth.gov.uk/Northgate/PlanningExplorer/generalsearch.aspx","640000","4399","2.4","We wrote up your approved scheme at 167 Oakhill Road SW15 2QW and modelled high-level senior debt at 70% LTGDV (£448k against estimated GDV £640k).","Indicative 70% LTGDV funding view for 167 Oakhill Road SW15 2QW","Hi Mr Alexander Collingwood-Anstey,

I saw that London Borough of Wandsworth approved 2026/1959 for 167 Oakhill Road SW15 2QW. We have written a short market note on the site here: https://constructioncapital.co.uk/news/2026-09-09-2026-1959-battersea-planning-approved

Using local sold-price data, we estimate GDV at £640k. At 70% LTGDV, that points to high-level senior debt of around £448k, subject to valuation, cost plan, borrower experience and lender underwriting.

If this is a live scheme, I can put proper indicative terms together from our lender panel within 24 hours.

Regards,
Matt Lenzie
Construction Capital","Mr Alexander Collingwood-Anstey


Re: 167 Oakhill Road SW15 2QW - approved planning application 2026/1959

We noticed the recent approval for the above site and have prepared a short market note covering the planning consent, local sold-price evidence and a high-level senior debt view:
https://constructioncapital.co.uk/news/2026-09-09-2026-1959-battersea-planning-approved

Based on the available data, we estimate GDV at £640k. At 70% LTGDV, this indicates potential senior debt of around £448k, subject to valuation, cost plan, borrower experience and lender underwriting.

Construction Capital arranges senior debt, mezzanine finance and equity/JV funding for UK property developers. If this site is moving toward acquisition or construction, we can provide formal indicative terms from our lender panel within 24 hours.

Yours faithfully,
Matt Lenzie
Construction Capital"
"PL/22/0367/FA","10/09/2026","Buckinghamshire Council","primary_consent","buckinghamshire","amersham","4 Grimsdells Corner Sycamore Road Amersham Buckinghamshire HP6 5EL","HP6 5EL","Reconfiguration of first and second floors to change existing 2 apartments into 3 apartments, installation of 3 front and 1 rear roof lights and associated works","2","630000","441000","725000","","","","","","","","","","","","","","https://constructioncapital.co.uk/news/2026-09-10-pl-22-0367-fa-amersham-planning-approved","https://publicaccess.buckinghamshire.gov.uk/online-applications/applicationDetails.do?activeTab=summary&keyVal=R6OG5KESMWO00","725000","280","2.1","We wrote up your approved scheme at 4 Grimsdells Corner Sycamore Road Amersham Buckinghamshire HP6 5EL and modelled high-level senior debt at 70% LTGDV (£441k against estimated GDV £630k).","Indicative 70% LTGDV funding view for 4 Grimsdells Corner Sycamore Road Amersham Buckinghamshire HP6 5EL","Hi there,

I saw that Buckinghamshire Council approved PL/22/0367/FA for 4 Grimsdells Corner Sycamore Road Amersham Buckinghamshire HP6 5EL. We have written a short market note on the site here: https://constructioncapital.co.uk/news/2026-09-10-pl-22-0367-fa-amersham-planning-approved

Using local sold-price data, we estimate GDV at £630k. At 70% LTGDV, that points to high-level senior debt of around £441k, subject to valuation, cost plan, borrower experience and lender underwriting.

If this is a live scheme, I can put proper indicative terms together from our lender panel within 24 hours.

Regards,
Matt Lenzie
Construction Capital","The Developer


Re: 4 Grimsdells Corner Sycamore Road Amersham Buckinghamshire HP6 5EL - approved planning application PL/22/0367/FA

We noticed the recent approval for the above site and have prepared a short market note covering the planning consent, local sold-price evidence and a high-level senior debt view:
https://constructioncapital.co.uk/news/2026-09-10-pl-22-0367-fa-amersham-planning-approved

Based on the available data, we estimate GDV at £630k. At 70% LTGDV, this indicates potential senior debt of around £441k, subject to valuation, cost plan, borrower experience and lender underwriting.

Construction Capital arranges senior debt, mezzanine finance and equity/JV funding for UK property developers. If this site is moving toward acquisition or construction, we can provide formal indicative terms from our lender panel within 24 hours.

Yours faithfully,
Matt Lenzie
Construction Capital"
"26/03230/FUL","07/09/2026","North Yorkshire Council","primary_consent","north-yorkshire","harrogate","Tenley Farm Thornview Road To Hall Field Hellifield North Yorkshire BD23 4JN","BD23 4JN","Full application for conversion of agricultural buildings to two residential dwellings with residential curtilage","2","630000","441000","315000","","","","","","","","","","","","","","https://constructioncapital.co.uk/news/2026-09-07-26-03230-ful-harrogate-planning-approved","https://publicaccess.northyorks.gov.uk/online-applications/applicationDetails.do?activeTab=summary&keyVal=TGTMQSLT0NT00","315000","1652","0.6","We wrote up your approved scheme at Tenley Farm Thornview Road To Hall Field Hellifield North Yorkshire BD23 4JN and modelled high-level senior debt at 70% LTGDV (£441k against estimated GDV £630k).","Indicative 70% LTGDV funding view for Tenley Farm Thornview Road To Hall Field Hellifield North Yorkshire BD23 4JN","Hi there,

I saw that North Yorkshire Council approved 26/03230/FUL for Tenley Farm Thornview Road To Hall Field Hellifield North Yorkshire BD23 4JN. We have written a short market note on the site here: https://constructioncapital.co.uk/news/2026-09-07-26-03230-ful-harrogate-planning-approved

Using local sold-price data, we estimate GDV at £630k. At 70% LTGDV, that points to high-level senior debt of around £441k, subject to valuation, cost plan, borrower experience and lender underwriting.

If this is a live scheme, I can put proper indicative terms together from our lender panel within 24 hours.

Regards,
Matt Lenzie
Construction Capital","The Developer


Re: Tenley Farm Thornview Road To Hall Field Hellifield North Yorkshire BD23 4JN - approved planning application 26/03230/FUL

We noticed the recent approval for the above site and have prepared a short market note covering the planning consent, local sold-price evidence and a high-level senior debt view:
https://constructioncapital.co.uk/news/2026-09-07-26-03230-ful-harrogate-planning-approved

Based on the available data, we estimate GDV at £630k. At 70% LTGDV, this indicates potential senior debt of around £441k, subject to valuation, cost plan, borrower experience and lender underwriting.

Construction Capital arranges senior debt, mezzanine finance and equity/JV funding for UK property developers. If this site is moving toward acquisition or construction, we can provide formal indicative terms from our lender panel within 24 hours.

Yours faithfully,
Matt Lenzie
Construction Capital"
"2020/1715/FUL","07/09/2026","Mendip District Council (legacy portal)","primary_consent","somerset","frome","Crapnell Farmhouse Crapnell Lane Dinder Wells Somerset BA5 3HG","BA5 3HG","Application for full planning permission to convert traditional barns to 2 x residential dwellings, ancillary floor space and erection of garage buildings.","2","620000","434000","310000","","","","","","","","","","","","","","https://constructioncapital.co.uk/news/2026-09-07-2020-1715-ful-frome-planning-approved","https://publicaccess.mendip.gov.uk/online-applications/applicationDetails.do?activeTab=summary&keyVal=QG38XFKPFKS00","310000","587","-6.1","We wrote up your approved scheme at Crapnell Farmhouse Crapnell Lane Dinder Wells Somerset BA5 3HG and modelled high-level senior debt at 70% LTGDV (£434k against estimated GDV £620k).","Indicative 70% LTGDV funding view for Crapnell Farmhouse Crapnell Lane Dinder Wells Somerset BA5 3HG","Hi there,

I saw that Mendip District Council (legacy portal) approved 2020/1715/FUL for Crapnell Farmhouse Crapnell Lane Dinder Wells Somerset BA5 3HG. We have written a short market note on the site here: https://constructioncapital.co.uk/news/2026-09-07-2020-1715-ful-frome-planning-approved

Using local sold-price data, we estimate GDV at £620k. At 70% LTGDV, that points to high-level senior debt of around £434k, subject to valuation, cost plan, borrower experience and lender underwriting.

If this is a live scheme, I can put proper indicative terms together from our lender panel within 24 hours.

Regards,
Matt Lenzie
Construction Capital","The Developer


Re: Crapnell Farmhouse Crapnell Lane Dinder Wells Somerset BA5 3HG - approved planning application 2020/1715/FUL

We noticed the recent approval for the above site and have prepared a short market note covering the planning consent, local sold-price evidence and a high-level senior debt view:
https://constructioncapital.co.uk/news/2026-09-07-2020-1715-ful-frome-planning-approved

Based on the available data, we estimate GDV at £620k. At 70% LTGDV, this indicates potential senior debt of around £434k, subject to valuation, cost plan, borrower experience and lender underwriting.

Construction Capital arranges senior debt, mezzanine finance and equity/JV funding for UK property developers. If this site is moving toward acquisition or construction, we can provide formal indicative terms from our lender panel within 24 hours.

Yours faithfully,
Matt Lenzie
Construction Capital"
"HGY/2026/0993","11/09/2026","Haringey Council","primary_consent","greater-london","tottenham","80 Wightman Road London N4 1RU","N4 1RU","The conversion of an existing garage/store and erection of a first floor to form a three bedroom dwellinghouse","1","550000","385000","550000","Mr Savvas  Nicalaou","","Mr David Cassells","","","","","","","","","","","https://constructioncapital.co.uk/news/2026-09-11-hgy-2026-0993-tottenham-planning-approved","https://publicregister.haringey.gov.uk/pr/s/detail/a0iP200000HFqxNIAT?c__r=Arcus_BE_Public_Register","550000","2249","0.9","We wrote up your approved scheme at 80 Wightman Road London N4 1RU and modelled high-level senior debt at 70% LTGDV (£385k against estimated GDV £550k).","Indicative 70% LTGDV funding view for 80 Wightman Road London N4 1RU","Hi Mr Savvas  Nicalaou,

I saw that Haringey Council approved HGY/2026/0993 for 80 Wightman Road London N4 1RU. We have written a short market note on the site here: https://constructioncapital.co.uk/news/2026-09-11-hgy-2026-0993-tottenham-planning-approved

Using local sold-price data, we estimate GDV at £550k. At 70% LTGDV, that points to high-level senior debt of around £385k, subject to valuation, cost plan, borrower experience and lender underwriting.

If this is a live scheme, I can put proper indicative terms together from our lender panel within 24 hours.

Regards,
Matt Lenzie
Construction Capital","Mr Savvas  Nicalaou


Re: 80 Wightman Road London N4 1RU - approved planning application HGY/2026/0993

We noticed the recent approval for the above site and have prepared a short market note covering the planning consent, local sold-price evidence and a high-level senior debt view:
https://constructioncapital.co.uk/news/2026-09-11-hgy-2026-0993-tottenham-planning-approved

Based on the available data, we estimate GDV at £550k. At 70% LTGDV, this indicates potential senior debt of around £385k, subject to valuation, cost plan, borrower experience and lender underwriting.

Construction Capital arranges senior debt, mezzanine finance and equity/JV funding for UK property developers. If this site is moving toward acquisition or construction, we can provide formal indicative terms from our lender panel within 24 hours.

Yours faithfully,
Matt Lenzie
Construction Capital"
"HGY/2026/1085","11/09/2026","Haringey Council","primary_consent","greater-london","tottenham","58 Ellenborough Road Wood Green London N22 5EY","N22 5EY","Change of use of a single family dwellinghouse (Class C3) to a small House in Multiple Occupation (HMO) (Class C4) with 5 bedrooms for a maximum of 5 occupants including the provision of waste and cycle storage.","1","550000","385000","550000","Mr Stroh","","Mr Joel Stern","","","","","","","","","","","https://constructioncapital.co.uk/news/2026-09-11-hgy-2026-1085-tottenham-planning-approved","https://publicregister.haringey.gov.uk/pr/s/detail/a0iP200000HJMvtIAH?c__r=Arcus_BE_Public_Register","550000","2249","0.9","We wrote up your approved scheme at 58 Ellenborough Road Wood Green London N22 5EY and modelled high-level senior debt at 70% LTGDV (£385k against estimated GDV £550k).","Indicative 70% LTGDV funding view for 58 Ellenborough Road Wood Green London N22 5EY","Hi Mr Stroh,

I saw that Haringey Council approved HGY/2026/1085 for 58 Ellenborough Road Wood Green London N22 5EY. We have written a short market note on the site here: https://constructioncapital.co.uk/news/2026-09-11-hgy-2026-1085-tottenham-planning-approved

Using local sold-price data, we estimate GDV at £550k. At 70% LTGDV, that points to high-level senior debt of around £385k, subject to valuation, cost plan, borrower experience and lender underwriting.

If this is a live scheme, I can put proper indicative terms together from our lender panel within 24 hours.

Regards,
Matt Lenzie
Construction Capital","Mr Stroh


Re: 58 Ellenborough Road Wood Green London N22 5EY - approved planning application HGY/2026/1085

We noticed the recent approval for the above site and have prepared a short market note covering the planning consent, local sold-price evidence and a high-level senior debt view:
https://constructioncapital.co.uk/news/2026-09-11-hgy-2026-1085-tottenham-planning-approved

Based on the available data, we estimate GDV at £550k. At 70% LTGDV, this indicates potential senior debt of around £385k, subject to valuation, cost plan, borrower experience and lender underwriting.

Construction Capital arranges senior debt, mezzanine finance and equity/JV funding for UK property developers. If this site is moving toward acquisition or construction, we can provide formal indicative terms from our lender panel within 24 hours.

Yours faithfully,
Matt Lenzie
Construction Capital"
"HGY/2026/1981","08/09/2026","Haringey Council","primary_consent","greater-london","tottenham","41 Baronet Road Tottenham London N17 0LY","N17 0LY","Erection of a rear dormer extension, a single storey side infill extension and the change of use of the property from a dwellinghouse (Class C3 Use) to a 7-bedroom, 7-person HMO (Sui-Generis Use) with the provision of refuse and cycle storage.","1","550000","385000","550000","Mr Schneck","","Mr. Shloime Godlewsky","","","","","","","","","","","https://constructioncapital.co.uk/news/2026-09-08-hgy-2026-1981-tottenham-planning-approved","https://publicregister.haringey.gov.uk/pr/s/detail/a0iP200000HyzA5IAJ?c__r=Arcus_BE_Public_Register","550000","2249","0.9","We wrote up your approved scheme at 41 Baronet Road Tottenham London N17 0LY and modelled high-level senior debt at 70% LTGDV (£385k against estimated GDV £550k).","Indicative 70% LTGDV funding view for 41 Baronet Road Tottenham London N17 0LY","Hi Mr Schneck,

I saw that Haringey Council approved HGY/2026/1981 for 41 Baronet Road Tottenham London N17 0LY. We have written a short market note on the site here: https://constructioncapital.co.uk/news/2026-09-08-hgy-2026-1981-tottenham-planning-approved

Using local sold-price data, we estimate GDV at £550k. At 70% LTGDV, that points to high-level senior debt of around £385k, subject to valuation, cost plan, borrower experience and lender underwriting.

If this is a live scheme, I can put proper indicative terms together from our lender panel within 24 hours.

Regards,
Matt Lenzie
Construction Capital","Mr Schneck


Re: 41 Baronet Road Tottenham London N17 0LY - approved planning application HGY/2026/1981

We noticed the recent approval for the above site and have prepared a short market note covering the planning consent, local sold-price evidence and a high-level senior debt view:
https://constructioncapital.co.uk/news/2026-09-08-hgy-2026-1981-tottenham-planning-approved

Based on the available data, we estimate GDV at £550k. At 70% LTGDV, this indicates potential senior debt of around £385k, subject to valuation, cost plan, borrower experience and lender underwriting.

Construction Capital arranges senior debt, mezzanine finance and equity/JV funding for UK property developers. If this site is moving toward acquisition or construction, we can provide formal indicative terms from our lender panel within 24 hours.

Yours faithfully,
Matt Lenzie
Construction Capital"
"22/01582/FULL","10/09/2026","Royal Borough of Windsor & Maidenhead","primary_consent","berkshire","maidenhead","Land At Wayside Holyport Road Maidenhead","","1 no. Pair of semi-detached dwellings with allocated residence parking, shed/bike store, bin storage, enlargement of existing vehicular access, boundary treatment and amenity space.","1","539750","377825","500000","","","","","","","","","","","","","","https://constructioncapital.co.uk/news/2026-09-10-22-01582-full-maidenhead-planning-approved","https://publicaccess.rbwm.gov.uk/online-applications/applicationDetails.do?activeTab=summary&keyVal=RD8XBNNIJ8400","500000","935","0","We wrote up your approved scheme at Land At Wayside Holyport Road Maidenhead and modelled high-level senior debt at 70% LTGDV (£378k against estimated GDV £540k).","Indicative 70% LTGDV funding view for Land At Wayside Holyport Road Maidenhead","Hi there,

I saw that Royal Borough of Windsor & Maidenhead approved 22/01582/FULL for Land At Wayside Holyport Road Maidenhead. We have written a short market note on the site here: https://constructioncapital.co.uk/news/2026-09-10-22-01582-full-maidenhead-planning-approved

Using local sold-price data, we estimate GDV at £540k. At 70% LTGDV, that points to high-level senior debt of around £378k, subject to valuation, cost plan, borrower experience and lender underwriting.

If this is a live scheme, I can put proper indicative terms together from our lender panel within 24 hours.

Regards,
Matt Lenzie
Construction Capital","The Developer


Re: Land At Wayside Holyport Road Maidenhead - approved planning application 22/01582/FULL

We noticed the recent approval for the above site and have prepared a short market note covering the planning consent, local sold-price evidence and a high-level senior debt view:
https://constructioncapital.co.uk/news/2026-09-10-22-01582-full-maidenhead-planning-approved

Based on the available data, we estimate GDV at £540k. At 70% LTGDV, this indicates potential senior debt of around £378k, subject to valuation, cost plan, borrower experience and lender underwriting.

Construction Capital arranges senior debt, mezzanine finance and equity/JV funding for UK property developers. If this site is moving toward acquisition or construction, we can provide formal indicative terms from our lender panel within 24 hours.

Yours faithfully,
Matt Lenzie
Construction Capital"
"24/02155/FUL","10/09/2026","Cardiff Council","primary_consent","cardiff","canton","Land Adjacent To Malthouse Cottage St Mellons Road Pontprennau Cardiff CF14 0SH","CF14 0SH","Construction of 2 New Dwellings.","2","535000","374500","267500","","","","","","","","","","","","","","https://constructioncapital.co.uk/news/2026-09-10-24-02155-ful-canton-planning-approved","https://www.cardiffidoxcloud.wales/publicaccess/applicationDetails.do?activeTab=summary&keyVal=SJJO27ECGVC00","267500","4622","0.9","We wrote up your approved scheme at Land Adjacent To Malthouse Cottage St Mellons Road Pontprennau Cardiff CF14 0SH and modelled high-level senior debt at 70% LTGDV (£375k against estimated GDV £535k).","Indicative 70% LTGDV funding view for Land Adjacent To Malthouse Cottage St Mellons Road Pontprennau Cardiff CF14 0SH","Hi there,

I saw that Cardiff Council approved 24/02155/FUL for Land Adjacent To Malthouse Cottage St Mellons Road Pontprennau Cardiff CF14 0SH. We have written a short market note on the site here: https://constructioncapital.co.uk/news/2026-09-10-24-02155-ful-canton-planning-approved

Using local sold-price data, we estimate GDV at £535k. At 70% LTGDV, that points to high-level senior debt of around £375k, subject to valuation, cost plan, borrower experience and lender underwriting.

If this is a live scheme, I can put proper indicative terms together from our lender panel within 24 hours.

Regards,
Matt Lenzie
Construction Capital","The Developer


Re: Land Adjacent To Malthouse Cottage St Mellons Road Pontprennau Cardiff CF14 0SH - approved planning application 24/02155/FUL

We noticed the recent approval for the above site and have prepared a short market note covering the planning consent, local sold-price evidence and a high-level senior debt view:
https://constructioncapital.co.uk/news/2026-09-10-24-02155-ful-canton-planning-approved

Based on the available data, we estimate GDV at £535k. At 70% LTGDV, this indicates potential senior debt of around £375k, subject to valuation, cost plan, borrower experience and lender underwriting.

Construction Capital arranges senior debt, mezzanine finance and equity/JV funding for UK property developers. If this site is moving toward acquisition or construction, we can provide formal indicative terms from our lender panel within 24 hours.

Yours faithfully,
Matt Lenzie
Construction Capital"
"25/02461/FUL","07/09/2026","London Borough of Croydon","primary_consent","greater-london","croydon","The Drum And Monkey 7 Gloucester Road Croydon CR0 2DH","CR0 2DH","Erection of 2 storeys above the existing pub, including 2 storey rear extension and expansion of basement, to accommodate 2 flats, along with the retention of the ground floor pub. Demolition of outbuilding at the rear and erection of a 2 storey dwelling. (3 units total). Associated external cycle and refuse storage.","2","535000","374500","415000","","","","","","","","","","","","","","https://constructioncapital.co.uk/news/2026-09-07-25-02461-ful-croydon-planning-approved","https://publicaccess3.croydon.gov.uk/online-applications/applicationDetails.do?activeTab=summary&keyVal=SZWEV9JLL1X00","415000","4171","2.5","We wrote up your approved scheme at The Drum And Monkey 7 Gloucester Road Croydon CR0 2DH and modelled high-level senior debt at 70% LTGDV (£375k against estimated GDV £535k).","Indicative 70% LTGDV funding view for The Drum And Monkey 7 Gloucester Road Croydon CR0 2DH","Hi there,

I saw that London Borough of Croydon approved 25/02461/FUL for The Drum And Monkey 7 Gloucester Road Croydon CR0 2DH. We have written a short market note on the site here: https://constructioncapital.co.uk/news/2026-09-07-25-02461-ful-croydon-planning-approved

Using local sold-price data, we estimate GDV at £535k. At 70% LTGDV, that points to high-level senior debt of around £375k, subject to valuation, cost plan, borrower experience and lender underwriting.

If this is a live scheme, I can put proper indicative terms together from our lender panel within 24 hours.

Regards,
Matt Lenzie
Construction Capital","The Developer


Re: The Drum And Monkey 7 Gloucester Road Croydon CR0 2DH - approved planning application 25/02461/FUL

We noticed the recent approval for the above site and have prepared a short market note covering the planning consent, local sold-price evidence and a high-level senior debt view:
https://constructioncapital.co.uk/news/2026-09-07-25-02461-ful-croydon-planning-approved

Based on the available data, we estimate GDV at £535k. At 70% LTGDV, this indicates potential senior debt of around £375k, subject to valuation, cost plan, borrower experience and lender underwriting.

Construction Capital arranges senior debt, mezzanine finance and equity/JV funding for UK property developers. If this site is moving toward acquisition or construction, we can provide formal indicative terms from our lender panel within 24 hours.

Yours faithfully,
Matt Lenzie
Construction Capital"
"2026/1222","10/09/2026","London Borough of Wandsworth","primary_consent","greater-london","battersea","113 Roehampton Vale SW15 3PG","SW15 3PG","Alterations including erection of single-storey rear and side extension and rear dormer extension to main rear roof slope, in connection with the proposed conversion of the existing single family dwellinghouse into one x 3 bedroom flat and 1 x 4 bedroom flat","1","520000","364000","640000","Mr Mark Silverman","","star plans ltd","","","","","","","","","","","https://constructioncapital.co.uk/news/2026-09-10-2026-1222-battersea-planning-approved","https://planning.wandsworth.gov.uk/Northgate/PlanningExplorer/generalsearch.aspx","640000","4399","2.4","We wrote up your approved scheme at 113 Roehampton Vale SW15 3PG and modelled high-level senior debt at 70% LTGDV (£364k against estimated GDV £520k).","Indicative 70% LTGDV funding view for 113 Roehampton Vale SW15 3PG","Hi Mr Mark Silverman,

I saw that London Borough of Wandsworth approved 2026/1222 for 113 Roehampton Vale SW15 3PG. We have written a short market note on the site here: https://constructioncapital.co.uk/news/2026-09-10-2026-1222-battersea-planning-approved

Using local sold-price data, we estimate GDV at £520k. At 70% LTGDV, that points to high-level senior debt of around £364k, subject to valuation, cost plan, borrower experience and lender underwriting.

If this is a live scheme, I can put proper indicative terms together from our lender panel within 24 hours.

Regards,
Matt Lenzie
Construction Capital","Mr Mark Silverman


Re: 113 Roehampton Vale SW15 3PG - approved planning application 2026/1222

We noticed the recent approval for the above site and have prepared a short market note covering the planning consent, local sold-price evidence and a high-level senior debt view:
https://constructioncapital.co.uk/news/2026-09-10-2026-1222-battersea-planning-approved

Based on the available data, we estimate GDV at £520k. At 70% LTGDV, this indicates potential senior debt of around £364k, subject to valuation, cost plan, borrower experience and lender underwriting.

Construction Capital arranges senior debt, mezzanine finance and equity/JV funding for UK property developers. If this site is moving toward acquisition or construction, we can provide formal indicative terms from our lender panel within 24 hours.

Yours faithfully,
Matt Lenzie
Construction Capital"
"0149/2025","08/09/2026","Tamworth Borough Council","outline","staffordshire","tamworth","Land adjacent to 392 Wilnecote Lane, Belgrave, Tamworth, B77 2LG","B77 2LG","Outline application (all matters reserved) : 2 dwellings","2","494000","345800","247000","Mr Clifton Nicholson","","","","","","","","","","","","","https://constructioncapital.co.uk/news/2026-09-08-0149-2025-tamworth-planning-approved","https://planning.tamworth.gov.uk/northgate/planningexplorer/generalsearch.aspx","247000","1153","2.9","We wrote up your approved scheme at Land adjacent to 392 Wilnecote Lane, Belgrave, Tamworth, B77 2LG and modelled high-level senior debt at 70% LTGDV (£346k against estimated GDV £494k).","Indicative 70% LTGDV funding view for Land adjacent to 392 Wilnecote Lane, Belgrave, Tamworth, B77 2LG","Hi Mr Clifton Nicholson,

I saw that Tamworth Borough Council approved 0149/2025 for Land adjacent to 392 Wilnecote Lane, Belgrave, Tamworth, B77 2LG. We have written a short market note on the site here: https://constructioncapital.co.uk/news/2026-09-08-0149-2025-tamworth-planning-approved

Using local sold-price data, we estimate GDV at £494k. At 70% LTGDV, that points to high-level senior debt of around £346k, subject to valuation, cost plan, borrower experience and lender underwriting.

If this is a live scheme, I can put proper indicative terms together from our lender panel within 24 hours.

Regards,
Matt Lenzie
Construction Capital","Mr Clifton Nicholson


Re: Land adjacent to 392 Wilnecote Lane, Belgrave, Tamworth, B77 2LG - approved planning application 0149/2025

We noticed the recent approval for the above site and have prepared a short market note covering the planning consent, local sold-price evidence and a high-level senior debt view:
https://constructioncapital.co.uk/news/2026-09-08-0149-2025-tamworth-planning-approved

Based on the available data, we estimate GDV at £494k. At 70% LTGDV, this indicates potential senior debt of around £346k, subject to valuation, cost plan, borrower experience and lender underwriting.

Construction Capital arranges senior debt, mezzanine finance and equity/JV funding for UK property developers. If this site is moving toward acquisition or construction, we can provide formal indicative terms from our lender panel within 24 hours.

Yours faithfully,
Matt Lenzie
Construction Capital"
"DC/26/1153","11/09/2026","Horsham District Council","primary_consent","sussex","horsham","Abingworth Nurseries Storrington Road Thakeham West Sussex","","Amendment of Condition 8 of previously approved application DC/18/2594 (Alterations to an existing building; retention for use as a village shop (class a1) with ancillary caf� facilities to part of ground floor, use of part of ground floor as veterinary practice (class D1) and change of use of upper floor to two flats (use class C3)) relating to Use Classes.","2","460000","322000","426000","","","","","","","","","","","","","","https://constructioncapital.co.uk/news/2026-09-11-dc-26-1153-horsham-planning-approved","https://public-access.horsham.gov.uk/public-access/applicationDetails.do?activeTab=summary&keyVal=TIGNX3IJKIE00","426000","2178","-2.1","We wrote up your approved scheme at Abingworth Nurseries Storrington Road Thakeham West Sussex and modelled high-level senior debt at 70% LTGDV (£322k against estimated GDV £460k).","Indicative 70% LTGDV funding view for Abingworth Nurseries Storrington Road Thakeham West Sussex","Hi there,

I saw that Horsham District Council approved DC/26/1153 for Abingworth Nurseries Storrington Road Thakeham West Sussex. We have written a short market note on the site here: https://constructioncapital.co.uk/news/2026-09-11-dc-26-1153-horsham-planning-approved

Using local sold-price data, we estimate GDV at £460k. At 70% LTGDV, that points to high-level senior debt of around £322k, subject to valuation, cost plan, borrower experience and lender underwriting.

If this is a live scheme, I can put proper indicative terms together from our lender panel within 24 hours.

Regards,
Matt Lenzie
Construction Capital","The Developer


Re: Abingworth Nurseries Storrington Road Thakeham West Sussex - approved planning application DC/26/1153

We noticed the recent approval for the above site and have prepared a short market note covering the planning consent, local sold-price evidence and a high-level senior debt view:
https://constructioncapital.co.uk/news/2026-09-11-dc-26-1153-horsham-planning-approved

Based on the available data, we estimate GDV at £460k. At 70% LTGDV, this indicates potential senior debt of around £322k, subject to valuation, cost plan, borrower experience and lender underwriting.

Construction Capital arranges senior debt, mezzanine finance and equity/JV funding for UK property developers. If this site is moving toward acquisition or construction, we can provide formal indicative terms from our lender panel within 24 hours.

Yours faithfully,
Matt Lenzie
Construction Capital"
"PL/25/1685","09/09/2026","Reading Borough Council","primary_consent","berkshire","reading","8 BLENHEIM ROAD, READING, RG1 5NQ","RG1 5NQ","Part retrospective conversion of existing C3 House to 2 apartments, 1 x one bedroom apartment and 1 x 2 bedroom apartment and parta small rear first floor extension.","2","450000","315000","340625","Mr Ghaddimi","","Mr Jeff Asemi","","","","","","","","","","","https://constructioncapital.co.uk/news/2026-09-09-pl-25-1685-reading-planning-approved","https://publicregister.reading.gov.uk/pr/s/detail/a0zP2000008RLN7IAO?c__r=Arcus_BE_Public_Register","340625","2138","-2","We wrote up your approved scheme at 8 BLENHEIM ROAD, READING, RG1 5NQ and modelled high-level senior debt at 70% LTGDV (£315k against estimated GDV £450k).","Indicative 70% LTGDV funding view for 8 BLENHEIM ROAD, READING, RG1 5NQ","Hi Mr Ghaddimi,

I saw that Reading Borough Council approved PL/25/1685 for 8 BLENHEIM ROAD, READING, RG1 5NQ. We have written a short market note on the site here: https://constructioncapital.co.uk/news/2026-09-09-pl-25-1685-reading-planning-approved

Using local sold-price data, we estimate GDV at £450k. At 70% LTGDV, that points to high-level senior debt of around £315k, subject to valuation, cost plan, borrower experience and lender underwriting.

If this is a live scheme, I can put proper indicative terms together from our lender panel within 24 hours.

Regards,
Matt Lenzie
Construction Capital","Mr Ghaddimi


Re: 8 BLENHEIM ROAD, READING, RG1 5NQ - approved planning application PL/25/1685

We noticed the recent approval for the above site and have prepared a short market note covering the planning consent, local sold-price evidence and a high-level senior debt view:
https://constructioncapital.co.uk/news/2026-09-09-pl-25-1685-reading-planning-approved

Based on the available data, we estimate GDV at £450k. At 70% LTGDV, this indicates potential senior debt of around £315k, subject to valuation, cost plan, borrower experience and lender underwriting.

Construction Capital arranges senior debt, mezzanine finance and equity/JV funding for UK property developers. If this site is moving toward acquisition or construction, we can provide formal indicative terms from our lender panel within 24 hours.

Yours faithfully,
Matt Lenzie
Construction Capital"
"21/00182/F","11/09/2026","Norwich City Council","primary_consent","norfolk","norwich","20 Cowgate Norwich NR3 1SY","NR3 1SY","Demolition of existing building and construction of 3.5 storey building to provide 15No. one and two bedroom flats with associated works.","2","298000","208600","230000","","","","","","","","","","","","","","https://constructioncapital.co.uk/news/2026-09-11-21-00182-f-norwich-planning-approved","https://planning.norwich.gov.uk/online-applications/applicationDetails.do?activeTab=summary&keyVal=QO7V2HLX0HQ00","230000","1966","-1.3","We wrote up your approved scheme at 20 Cowgate Norwich NR3 1SY and modelled high-level senior debt at 70% LTGDV (£209k against estimated GDV £298k).","Indicative 70% LTGDV funding view for 20 Cowgate Norwich NR3 1SY","Hi there,

I saw that Norwich City Council approved 21/00182/F for 20 Cowgate Norwich NR3 1SY. We have written a short market note on the site here: https://constructioncapital.co.uk/news/2026-09-11-21-00182-f-norwich-planning-approved

Using local sold-price data, we estimate GDV at £298k. At 70% LTGDV, that points to high-level senior debt of around £209k, subject to valuation, cost plan, borrower experience and lender underwriting.

If this is a live scheme, I can put proper indicative terms together from our lender panel within 24 hours.

Regards,
Matt Lenzie
Construction Capital","The Developer


Re: 20 Cowgate Norwich NR3 1SY - approved planning application 21/00182/F

We noticed the recent approval for the above site and have prepared a short market note covering the planning consent, local sold-price evidence and a high-level senior debt view:
https://constructioncapital.co.uk/news/2026-09-11-21-00182-f-norwich-planning-approved

Based on the available data, we estimate GDV at £298k. At 70% LTGDV, this indicates potential senior debt of around £209k, subject to valuation, cost plan, borrower experience and lender underwriting.

Construction Capital arranges senior debt, mezzanine finance and equity/JV funding for UK property developers. If this site is moving toward acquisition or construction, we can provide formal indicative terms from our lender panel within 24 hours.

Yours faithfully,
Matt Lenzie
Construction Capital"
"26/01555/FUL","10/09/2026","Sheffield City Council","primary_consent","south-yorkshire","sheffield","141 - 143 Staniforth Road Sheffield S9 3HD","S9 3HD","Use of ground floor as retail unit (Use Class E) with 2x residential flats at first/second floor and erection of a two-storey rear extension with provision of external rear stairs, roof terrace and privacy screen, and provision of a new shopfront","2","277000","193900","208000","","","","","","","","","","","","","","https://constructioncapital.co.uk/news/2026-09-10-26-01555-ful-sheffield-planning-approved","https://planningapps.sheffield.gov.uk/online-applications/applicationDetails.do?activeTab=summary&keyVal=TFMWOYNY0NH00","208000","6307","-1","We wrote up your approved scheme at 141 - 143 Staniforth Road Sheffield S9 3HD and modelled high-level senior debt at 70% LTGDV (£194k against estimated GDV £277k).","Indicative 70% LTGDV funding view for 141 - 143 Staniforth Road Sheffield S9 3HD","Hi there,

I saw that Sheffield City Council approved 26/01555/FUL for 141 - 143 Staniforth Road Sheffield S9 3HD. We have written a short market note on the site here: https://constructioncapital.co.uk/news/2026-09-10-26-01555-ful-sheffield-planning-approved

Using local sold-price data, we estimate GDV at £277k. At 70% LTGDV, that points to high-level senior debt of around £194k, subject to valuation, cost plan, borrower experience and lender underwriting.

If this is a live scheme, I can put proper indicative terms together from our lender panel within 24 hours.

Regards,
Matt Lenzie
Construction Capital","The Developer


Re: 141 - 143 Staniforth Road Sheffield S9 3HD - approved planning application 26/01555/FUL

We noticed the recent approval for the above site and have prepared a short market note covering the planning consent, local sold-price evidence and a high-level senior debt view:
https://constructioncapital.co.uk/news/2026-09-10-26-01555-ful-sheffield-planning-approved

Based on the available data, we estimate GDV at £277k. At 70% LTGDV, this indicates potential senior debt of around £194k, subject to valuation, cost plan, borrower experience and lender underwriting.

Construction Capital arranges senior debt, mezzanine finance and equity/JV funding for UK property developers. If this site is moving toward acquisition or construction, we can provide formal indicative terms from our lender panel within 24 hours.

Yours faithfully,
Matt Lenzie
Construction Capital"
"PA26/03787","07/09/2026","Cornwall Council","primary_consent","cornwall","bodmin","7A Coinagehall Street Helston Cornwall TR13 8ER","TR13 8ER","Listed Building Consent to:- Merge two flats (7a & 7b) on the same floor. The layout will remain the same. Replacement partition wall with a timber stud wall with fireline board and fire resistant insulation","2","236000","165200","247750","","","","","","","","","","","","","","https://constructioncapital.co.uk/news/2026-09-07-pa26-03787-bodmin-planning-approved","https://planning.cornwall.gov.uk/online-applications/applicationDetails.do?activeTab=summary&keyVal=TG1M7VFGHAH00","247750","346","-4.7","We wrote up your approved scheme at 7A Coinagehall Street Helston Cornwall TR13 8ER and modelled high-level senior debt at 70% LTGDV (£165k against estimated GDV £236k).","Indicative 70% LTGDV funding view for 7A Coinagehall Street Helston Cornwall TR13 8ER","Hi there,

I saw that Cornwall Council approved PA26/03787 for 7A Coinagehall Street Helston Cornwall TR13 8ER. We have written a short market note on the site here: https://constructioncapital.co.uk/news/2026-09-07-pa26-03787-bodmin-planning-approved

Using local sold-price data, we estimate GDV at £236k. At 70% LTGDV, that points to high-level senior debt of around £165k, subject to valuation, cost plan, borrower experience and lender underwriting.

If this is a live scheme, I can put proper indicative terms together from our lender panel within 24 hours.

Regards,
Matt Lenzie
Construction Capital","The Developer


Re: 7A Coinagehall Street Helston Cornwall TR13 8ER - approved planning application PA26/03787

We noticed the recent approval for the above site and have prepared a short market note covering the planning consent, local sold-price evidence and a high-level senior debt view:
https://constructioncapital.co.uk/news/2026-09-07-pa26-03787-bodmin-planning-approved

Based on the available data, we estimate GDV at £236k. At 70% LTGDV, this indicates potential senior debt of around £165k, subject to valuation, cost plan, borrower experience and lender underwriting.

Construction Capital arranges senior debt, mezzanine finance and equity/JV funding for UK property developers. If this site is moving toward acquisition or construction, we can provide formal indicative terms from our lender panel within 24 hours.

Yours faithfully,
Matt Lenzie
Construction Capital"
"PA26/03786","07/09/2026","Cornwall Council","primary_consent","cornwall","bodmin","7A And 7B Coinagehall Street Helston Cornwall TR13 8ER","TR13 8ER","Merge two flats (7a & 7b) on the same floor. The layout will remain the same. Replacement partition wall with a timber stud wall with fireline board and fire resistant insulation","2","236000","165200","247750","","","","","","","","","","","","","","https://constructioncapital.co.uk/news/2026-09-07-pa26-03786-bodmin-planning-approved","https://planning.cornwall.gov.uk/online-applications/applicationDetails.do?activeTab=summary&keyVal=TG1M7TFGHAG00","247750","346","-4.7","We wrote up your approved scheme at 7A And 7B Coinagehall Street Helston Cornwall TR13 8ER and modelled high-level senior debt at 70% LTGDV (£165k against estimated GDV £236k).","Indicative 70% LTGDV funding view for 7A And 7B Coinagehall Street Helston Cornwall TR13 8ER","Hi there,

I saw that Cornwall Council approved PA26/03786 for 7A And 7B Coinagehall Street Helston Cornwall TR13 8ER. We have written a short market note on the site here: https://constructioncapital.co.uk/news/2026-09-07-pa26-03786-bodmin-planning-approved

Using local sold-price data, we estimate GDV at £236k. At 70% LTGDV, that points to high-level senior debt of around £165k, subject to valuation, cost plan, borrower experience and lender underwriting.

If this is a live scheme, I can put proper indicative terms together from our lender panel within 24 hours.

Regards,
Matt Lenzie
Construction Capital","The Developer


Re: 7A And 7B Coinagehall Street Helston Cornwall TR13 8ER - approved planning application PA26/03786

We noticed the recent approval for the above site and have prepared a short market note covering the planning consent, local sold-price evidence and a high-level senior debt view:
https://constructioncapital.co.uk/news/2026-09-07-pa26-03786-bodmin-planning-approved

Based on the available data, we estimate GDV at £236k. At 70% LTGDV, this indicates potential senior debt of around £165k, subject to valuation, cost plan, borrower experience and lender underwriting.

Construction Capital arranges senior debt, mezzanine finance and equity/JV funding for UK property developers. If this site is moving toward acquisition or construction, we can provide formal indicative terms from our lender panel within 24 hours.

Yours faithfully,
Matt Lenzie
Construction Capital"