"planningReference","decisionDate","localAuthority","consentStage","county","town","siteAddress","postcode","proposal","units","estimatedGdv","indicativeLoanAt70Ltgdv","valuationMedianPrice","applicantName","applicantCompany","agentName","agentCompany","companyHouseName","companyNumber","directors","email","contactName","contactTitle","phone","linkedinUrl","registeredOffice","articleUrl","planningUrl","soldMedianPrice","soldTransactions12m","soldYoyChange","outreachAngle","emailSubject","emailBody","letterBody"
"20/00775/OUTM23","15/09/2026","London Borough of Bexley","primary_consent","greater-london","bexley","Erith Quarry - Parcel 3A Carlton Road Erith Kent DA8 3SR","DA8 3SR","Application for partial approval with respect to Parcel 3a of condition 27 Part A (energy strategy) pursuant to planning permission 20/00775/OUTM for the phased development of up to a total of 249 residential dwellings (use class C3) with associated works including informal and formal open space, pedestrian and cycle infrastructure, car and cycle parking (only access to be considered) and with detailed submission for parcel 3a with associated works including parking and landscaping.","249","104580000","73206000","420000","","","","","","","","","","","","","","https://constructioncapital.co.uk/news/2026-09-15-20-00775-outm23-bexley-planning-approved","https://pa.bexley.gov.uk/online-applications/applicationDetails.do?activeTab=summary&keyVal=RIVMU4BEL1D00","420000","2667","0.5","We wrote up your approved scheme at Erith Quarry - Parcel 3A Carlton Road Erith Kent DA8 3SR and modelled high-level senior debt at 70% LTGDV (£73.2m against estimated GDV £104.6m).","Indicative 70% LTGDV funding view for Erith Quarry - Parcel 3A Carlton Road Erith Kent DA8 3SR","Hi there,

I saw that London Borough of Bexley approved 20/00775/OUTM23 for Erith Quarry - Parcel 3A Carlton Road Erith Kent DA8 3SR. We have written a short market note on the site here: https://constructioncapital.co.uk/news/2026-09-15-20-00775-outm23-bexley-planning-approved

Using local sold-price data, we estimate GDV at £104.6m. At 70% LTGDV, that points to high-level senior debt of around £73.2m, subject to valuation, cost plan, borrower experience and lender underwriting.

If this is a live scheme, I can put proper indicative terms together from our lender panel within 24 hours.

Regards,
Matt Lenzie
Construction Capital","The Developer


Re: Erith Quarry - Parcel 3A Carlton Road Erith Kent DA8 3SR - approved planning application 20/00775/OUTM23

We noticed the recent approval for the above site and have prepared a short market note covering the planning consent, local sold-price evidence and a high-level senior debt view:
https://constructioncapital.co.uk/news/2026-09-15-20-00775-outm23-bexley-planning-approved

Based on the available data, we estimate GDV at £104.6m. At 70% LTGDV, this indicates potential senior debt of around £73.2m, subject to valuation, cost plan, borrower experience and lender underwriting.

Construction Capital arranges senior debt, mezzanine finance and equity/JV funding for UK property developers. If this site is moving toward acquisition or construction, we can provide formal indicative terms from our lender panel within 24 hours.

Yours faithfully,
Matt Lenzie
Construction Capital"
"253142","16/09/2026","Wokingham Borough Council","reserved_matters","berkshire","wokingham","Parcels R7 and R13 Land at Phase 2b of the South Wokingham Strategic Development Location (SDL) Wokingham","","Reserved Matters pursuant to Outline Planning Consent 191068 comprising the erection of 215 dwellings and associated infrastructure with details of appearance, landscaping, layout and scale to be considered.","215","102125000","71487500","475000","","","","","","","","","","","","","","https://constructioncapital.co.uk/news/2026-09-16-253142-wokingham-planning-approved","https://planning.wokingham.gov.uk/FastWebPL/detail.asp?AltRef=253142","475000","2320","-3.6","We wrote up your approved scheme at Parcels R7 and R13 Land at Phase 2b of the South Wokingham Strategic Development Location (SDL) Wokingham and modelled high-level senior debt at 70% LTGDV (£71.5m against estimated GDV £102.1m).","Indicative 70% LTGDV funding view for Parcels R7 and R13 Land at Phase 2b of the South Wokingham Strategic Development Location (SDL) Wokingham","Hi there,

I saw that Wokingham Borough Council approved 253142 for Parcels R7 and R13 Land at Phase 2b of the South Wokingham Strategic Development Location (SDL) Wokingham. We have written a short market note on the site here: https://constructioncapital.co.uk/news/2026-09-16-253142-wokingham-planning-approved

Using local sold-price data, we estimate GDV at £102.1m. At 70% LTGDV, that points to high-level senior debt of around £71.5m, subject to valuation, cost plan, borrower experience and lender underwriting.

If this is a live scheme, I can put proper indicative terms together from our lender panel within 24 hours.

Regards,
Matt Lenzie
Construction Capital","The Developer


Re: Parcels R7 and R13 Land at Phase 2b of the South Wokingham Strategic Development Location (SDL) Wokingham - approved planning application 253142

We noticed the recent approval for the above site and have prepared a short market note covering the planning consent, local sold-price evidence and a high-level senior debt view:
https://constructioncapital.co.uk/news/2026-09-16-253142-wokingham-planning-approved

Based on the available data, we estimate GDV at £102.1m. At 70% LTGDV, this indicates potential senior debt of around £71.5m, subject to valuation, cost plan, borrower experience and lender underwriting.

Construction Capital arranges senior debt, mezzanine finance and equity/JV funding for UK property developers. If this site is moving toward acquisition or construction, we can provide formal indicative terms from our lender panel within 24 hours.

Yours faithfully,
Matt Lenzie
Construction Capital"
"HAMZB26/00525/MRC","15/09/2026","North Yorkshire Council","reserved_matters","north-yorkshire","harrogate","Land On The South West Side Of 11 Harkness Drive Leeming Bar North Yorkshire DL7 9BB","DL7 9BB","Application for modification of condition 2 for Substitution of revised engineering feasibility on approved application ZB24/02170/REM - Application for Approval of Reserved Matters (Appearance, Landscaping, Layout and Scale) following Outline Approval 22/01509/OUT for a 100 Per Cent Affordable Housing Scheme of 100 Dwellings and Associated Infrastructure, Access and Landscaping.","100","31500000","22050000","315000","","","","","","","","","","","","","","https://constructioncapital.co.uk/news/2026-09-15-hamzb26-00525-mrc-harrogate-planning-approved","https://publicaccess.northyorks.gov.uk/online-applications/applicationDetails.do?activeTab=summary&keyVal=TCGEOHHU0DJ00","315000","1652","0.6","We wrote up your approved scheme at Land On The South West Side Of 11 Harkness Drive Leeming Bar North Yorkshire DL7 9BB and modelled high-level senior debt at 70% LTGDV (£22.1m against estimated GDV £31.5m).","Indicative 70% LTGDV funding view for Land On The South West Side Of 11 Harkness Drive Leeming Bar North Yorkshire DL7 9BB","Hi there,

I saw that North Yorkshire Council approved HAMZB26/00525/MRC for Land On The South West Side Of 11 Harkness Drive Leeming Bar North Yorkshire DL7 9BB. We have written a short market note on the site here: https://constructioncapital.co.uk/news/2026-09-15-hamzb26-00525-mrc-harrogate-planning-approved

Using local sold-price data, we estimate GDV at £31.5m. At 70% LTGDV, that points to high-level senior debt of around £22.1m, subject to valuation, cost plan, borrower experience and lender underwriting.

If this is a live scheme, I can put proper indicative terms together from our lender panel within 24 hours.

Regards,
Matt Lenzie
Construction Capital","The Developer


Re: Land On The South West Side Of 11 Harkness Drive Leeming Bar North Yorkshire DL7 9BB - approved planning application HAMZB26/00525/MRC

We noticed the recent approval for the above site and have prepared a short market note covering the planning consent, local sold-price evidence and a high-level senior debt view:
https://constructioncapital.co.uk/news/2026-09-15-hamzb26-00525-mrc-harrogate-planning-approved

Based on the available data, we estimate GDV at £31.5m. At 70% LTGDV, this indicates potential senior debt of around £22.1m, subject to valuation, cost plan, borrower experience and lender underwriting.

Construction Capital arranges senior debt, mezzanine finance and equity/JV funding for UK property developers. If this site is moving toward acquisition or construction, we can provide formal indicative terms from our lender panel within 24 hours.

Yours faithfully,
Matt Lenzie
Construction Capital"
"P25/02361/F","14/09/2026","South Gloucestershire Council","primary_consent","bristol","filton","Land At Former Lucas Works Moravian Road Kingswood South Gloucestershire BS15 8NF","BS15 8NF","Change of use of existing buildings to create a mixed use scheme of 80 dwellings and 5658 sqm of commercial space (Use Class E), with associated works.","80","26800000","18760000","335000","","","","","","","","","","","","","","https://constructioncapital.co.uk/news/2026-09-14-p25-02361-f-filton-planning-approved","https://developments.southglos.gov.uk/online-applications/applicationDetails.do?activeTab=summary&keyVal=T3VI1EOKJSJ00","335000","4080","-1.8","We wrote up your approved scheme at Land At Former Lucas Works Moravian Road Kingswood South Gloucestershire BS15 8NF and modelled high-level senior debt at 70% LTGDV (£18.8m against estimated GDV £26.8m).","Indicative 70% LTGDV funding view for Land At Former Lucas Works Moravian Road Kingswood South Gloucestershire BS15 8NF","Hi there,

I saw that South Gloucestershire Council approved P25/02361/F for Land At Former Lucas Works Moravian Road Kingswood South Gloucestershire BS15 8NF. We have written a short market note on the site here: https://constructioncapital.co.uk/news/2026-09-14-p25-02361-f-filton-planning-approved

Using local sold-price data, we estimate GDV at £26.8m. At 70% LTGDV, that points to high-level senior debt of around £18.8m, subject to valuation, cost plan, borrower experience and lender underwriting.

If this is a live scheme, I can put proper indicative terms together from our lender panel within 24 hours.

Regards,
Matt Lenzie
Construction Capital","The Developer


Re: Land At Former Lucas Works Moravian Road Kingswood South Gloucestershire BS15 8NF - approved planning application P25/02361/F

We noticed the recent approval for the above site and have prepared a short market note covering the planning consent, local sold-price evidence and a high-level senior debt view:
https://constructioncapital.co.uk/news/2026-09-14-p25-02361-f-filton-planning-approved

Based on the available data, we estimate GDV at £26.8m. At 70% LTGDV, this indicates potential senior debt of around £18.8m, subject to valuation, cost plan, borrower experience and lender underwriting.

Construction Capital arranges senior debt, mezzanine finance and equity/JV funding for UK property developers. If this site is moving toward acquisition or construction, we can provide formal indicative terms from our lender panel within 24 hours.

Yours faithfully,
Matt Lenzie
Construction Capital"
"MC/25/0701","17/09/2026","Medway Council","outline","kent","chatham","Land To The North Of Stoke Road And East Of Walnut Tree Grove Hoo St. Werburgh ME3 9YB","ME3 9YB","Outline application with all matters reserved for construction of up to 75 dwellings with associated works and infrastructure - demolition of existing buildings and structures","75","22500000","15750000","300000","","","","","","","","","","","","","","https://constructioncapital.co.uk/news/2026-09-17-mc-25-0701-chatham-planning-approved","https://publicaccess1.medway.gov.uk/online-applications/applicationDetails.do?activeTab=summary&keyVal=SU01DJKNJKL00","300000","3716","0","We wrote up your approved scheme at Land To The North Of Stoke Road And East Of Walnut Tree Grove Hoo St. Werburgh ME3 9YB and modelled high-level senior debt at 70% LTGDV (£15.8m against estimated GDV £22.5m).","Indicative 70% LTGDV funding view for Land To The North Of Stoke Road And East Of Walnut Tree Grove Hoo St. Werburgh ME3 9YB","Hi there,

I saw that Medway Council approved MC/25/0701 for Land To The North Of Stoke Road And East Of Walnut Tree Grove Hoo St. Werburgh ME3 9YB. We have written a short market note on the site here: https://constructioncapital.co.uk/news/2026-09-17-mc-25-0701-chatham-planning-approved

Using local sold-price data, we estimate GDV at £22.5m. At 70% LTGDV, that points to high-level senior debt of around £15.8m, subject to valuation, cost plan, borrower experience and lender underwriting.

If this is a live scheme, I can put proper indicative terms together from our lender panel within 24 hours.

Regards,
Matt Lenzie
Construction Capital","The Developer


Re: Land To The North Of Stoke Road And East Of Walnut Tree Grove Hoo St. Werburgh ME3 9YB - approved planning application MC/25/0701

We noticed the recent approval for the above site and have prepared a short market note covering the planning consent, local sold-price evidence and a high-level senior debt view:
https://constructioncapital.co.uk/news/2026-09-17-mc-25-0701-chatham-planning-approved

Based on the available data, we estimate GDV at £22.5m. At 70% LTGDV, this indicates potential senior debt of around £15.8m, subject to valuation, cost plan, borrower experience and lender underwriting.

Construction Capital arranges senior debt, mezzanine finance and equity/JV funding for UK property developers. If this site is moving toward acquisition or construction, we can provide formal indicative terms from our lender panel within 24 hours.

Yours faithfully,
Matt Lenzie
Construction Capital"
"24/00565/FUL","18/09/2026","Bassetlaw District Council","primary_consent","nottinghamshire","retford","Land Adjoining Grove Road Retford Nottinghamshire","","Erection of 80 Dwellings, Access, Parking, Landscaping and all Associated Infrastructure","80","16000000","11200000","200000","","","","","","","","","","","","","","https://constructioncapital.co.uk/news/2026-09-18-24-00565-ful-retford-planning-approved","https://publicaccess.bassetlaw.gov.uk/online-applications/applicationDetails.do?activeTab=summary&keyVal=SDL3CHCSLNP00","200000","539","-9.1","We wrote up your approved scheme at Land Adjoining Grove Road Retford Nottinghamshire and modelled high-level senior debt at 70% LTGDV (£11.2m against estimated GDV £16.0m).","Indicative 70% LTGDV funding view for Land Adjoining Grove Road Retford Nottinghamshire","Hi there,

I saw that Bassetlaw District Council approved 24/00565/FUL for Land Adjoining Grove Road Retford Nottinghamshire. We have written a short market note on the site here: https://constructioncapital.co.uk/news/2026-09-18-24-00565-ful-retford-planning-approved

Using local sold-price data, we estimate GDV at £16.0m. At 70% LTGDV, that points to high-level senior debt of around £11.2m, subject to valuation, cost plan, borrower experience and lender underwriting.

If this is a live scheme, I can put proper indicative terms together from our lender panel within 24 hours.

Regards,
Matt Lenzie
Construction Capital","The Developer


Re: Land Adjoining Grove Road Retford Nottinghamshire - approved planning application 24/00565/FUL

We noticed the recent approval for the above site and have prepared a short market note covering the planning consent, local sold-price evidence and a high-level senior debt view:
https://constructioncapital.co.uk/news/2026-09-18-24-00565-ful-retford-planning-approved

Based on the available data, we estimate GDV at £16.0m. At 70% LTGDV, this indicates potential senior debt of around £11.2m, subject to valuation, cost plan, borrower experience and lender underwriting.

Construction Capital arranges senior debt, mezzanine finance and equity/JV funding for UK property developers. If this site is moving toward acquisition or construction, we can provide formal indicative terms from our lender panel within 24 hours.

Yours faithfully,
Matt Lenzie
Construction Capital"
"26/04316/LBC","16/09/2026","Westminster City Council","primary_consent","greater-london","marylebone","72 Gloucester Place London W1U 6HH","W1U 6HH","Proposed replacement of 11 non-fire compliant flat entrance doors","11","7909000","5536300","822300","","","","","","","","","","","","","","https://constructioncapital.co.uk/news/2026-09-16-26-04316-lbc-marylebone-planning-approved","https://idoxpa.westminster.gov.uk/online-applications/applicationDetails.do?activeTab=summary&keyVal=THG2UFRPMNB00","822300","2132","-10.6","We wrote up your approved scheme at 72 Gloucester Place London W1U 6HH and modelled high-level senior debt at 70% LTGDV (£5.5m against estimated GDV £7.9m).","Indicative 70% LTGDV funding view for 72 Gloucester Place London W1U 6HH","Hi there,

I saw that Westminster City Council approved 26/04316/LBC for 72 Gloucester Place London W1U 6HH. We have written a short market note on the site here: https://constructioncapital.co.uk/news/2026-09-16-26-04316-lbc-marylebone-planning-approved

Using local sold-price data, we estimate GDV at £7.9m. At 70% LTGDV, that points to high-level senior debt of around £5.5m, subject to valuation, cost plan, borrower experience and lender underwriting.

If this is a live scheme, I can put proper indicative terms together from our lender panel within 24 hours.

Regards,
Matt Lenzie
Construction Capital","The Developer


Re: 72 Gloucester Place London W1U 6HH - approved planning application 26/04316/LBC

We noticed the recent approval for the above site and have prepared a short market note covering the planning consent, local sold-price evidence and a high-level senior debt view:
https://constructioncapital.co.uk/news/2026-09-16-26-04316-lbc-marylebone-planning-approved

Based on the available data, we estimate GDV at £7.9m. At 70% LTGDV, this indicates potential senior debt of around £5.5m, subject to valuation, cost plan, borrower experience and lender underwriting.

Construction Capital arranges senior debt, mezzanine finance and equity/JV funding for UK property developers. If this site is moving toward acquisition or construction, we can provide formal indicative terms from our lender panel within 24 hours.

Yours faithfully,
Matt Lenzie
Construction Capital"
"25/01483/FUL","18/09/2026","Epsom and Ewell Borough Council","primary_consent","surrey","epsom","Woodcote Stud Wilmerhatch Lane Epsom Surrey KT18 7UE","KT18 7UE","Demolition of all existing buildings and structures (excluding Woodcote House) and the construction of a new supported living building (Class C2), as an expansion to the retained Class C2 use at Woodcote House, and 14no residential dwellings (including 7no affordable dwellings) together with associated access, car parking and garages, landscaping and shared open space.","14","7840000","5488000","560000","","","","","","","","","","","","","","https://constructioncapital.co.uk/news/2026-09-18-25-01483-ful-epsom-planning-approved","https://eplanning.epsom-ewell.gov.uk/online-applications/applicationDetails.do?activeTab=summary&keyVal=T7BE0KGYIOQ00","560000","970","6.7","We wrote up your approved scheme at Woodcote Stud Wilmerhatch Lane Epsom Surrey KT18 7UE and modelled high-level senior debt at 70% LTGDV (£5.5m against estimated GDV £7.8m).","Indicative 70% LTGDV funding view for Woodcote Stud Wilmerhatch Lane Epsom Surrey KT18 7UE","Hi there,

I saw that Epsom and Ewell Borough Council approved 25/01483/FUL for Woodcote Stud Wilmerhatch Lane Epsom Surrey KT18 7UE. We have written a short market note on the site here: https://constructioncapital.co.uk/news/2026-09-18-25-01483-ful-epsom-planning-approved

Using local sold-price data, we estimate GDV at £7.8m. At 70% LTGDV, that points to high-level senior debt of around £5.5m, subject to valuation, cost plan, borrower experience and lender underwriting.

If this is a live scheme, I can put proper indicative terms together from our lender panel within 24 hours.

Regards,
Matt Lenzie
Construction Capital","The Developer


Re: Woodcote Stud Wilmerhatch Lane Epsom Surrey KT18 7UE - approved planning application 25/01483/FUL

We noticed the recent approval for the above site and have prepared a short market note covering the planning consent, local sold-price evidence and a high-level senior debt view:
https://constructioncapital.co.uk/news/2026-09-18-25-01483-ful-epsom-planning-approved

Based on the available data, we estimate GDV at £7.8m. At 70% LTGDV, this indicates potential senior debt of around £5.5m, subject to valuation, cost plan, borrower experience and lender underwriting.

Construction Capital arranges senior debt, mezzanine finance and equity/JV funding for UK property developers. If this site is moving toward acquisition or construction, we can provide formal indicative terms from our lender panel within 24 hours.

Yours faithfully,
Matt Lenzie
Construction Capital"
"26/01062/LB","16/09/2026","Tonbridge and Malling Borough Council","primary_consent","kent","tonbridge","The Portreeves House East Street Tonbridge Kent TN9 1HP","TN9 1HP","Listed Building Application: slimline secondary glazing panels to ground and first floor windows (18 units in total)","18","7335000","5134500","407500","","","","","","","","","","","","","","https://constructioncapital.co.uk/news/2026-09-16-26-01062-lb-tonbridge-planning-approved","https://publicaccess.tmbc.gov.uk/online-applications/applicationDetails.do?activeTab=summary&keyVal=TG1VFKQH0DV00","407500","1841","-0.6","We wrote up your approved scheme at The Portreeves House East Street Tonbridge Kent TN9 1HP and modelled high-level senior debt at 70% LTGDV (£5.1m against estimated GDV £7.3m).","Indicative 70% LTGDV funding view for The Portreeves House East Street Tonbridge Kent TN9 1HP","Hi there,

I saw that Tonbridge and Malling Borough Council approved 26/01062/LB for The Portreeves House East Street Tonbridge Kent TN9 1HP. We have written a short market note on the site here: https://constructioncapital.co.uk/news/2026-09-16-26-01062-lb-tonbridge-planning-approved

Using local sold-price data, we estimate GDV at £7.3m. At 70% LTGDV, that points to high-level senior debt of around £5.1m, subject to valuation, cost plan, borrower experience and lender underwriting.

If this is a live scheme, I can put proper indicative terms together from our lender panel within 24 hours.

Regards,
Matt Lenzie
Construction Capital","The Developer


Re: The Portreeves House East Street Tonbridge Kent TN9 1HP - approved planning application 26/01062/LB

We noticed the recent approval for the above site and have prepared a short market note covering the planning consent, local sold-price evidence and a high-level senior debt view:
https://constructioncapital.co.uk/news/2026-09-16-26-01062-lb-tonbridge-planning-approved

Based on the available data, we estimate GDV at £7.3m. At 70% LTGDV, this indicates potential senior debt of around £5.1m, subject to valuation, cost plan, borrower experience and lender underwriting.

Construction Capital arranges senior debt, mezzanine finance and equity/JV funding for UK property developers. If this site is moving toward acquisition or construction, we can provide formal indicative terms from our lender panel within 24 hours.

Yours faithfully,
Matt Lenzie
Construction Capital"
"PL/25/4022/PIP","18/09/2026","Buckinghamshire Council","primary_consent","buckinghamshire","amersham","Dibden Hill Farm Dibden Hill Chalfont St Giles Buckinghamshire HP8 4RD","HP8 4RD","Permission in principle for redevelopment of buildings and hardstanding for minimum of 9 and a maximum of 9 dwellings including associated works","9","6525000","4567500","725000","","","","","","","","","","","","","","https://constructioncapital.co.uk/news/2026-09-18-pl-25-4022-pip-amersham-planning-approved","https://publicaccess.buckinghamshire.gov.uk/online-applications/applicationDetails.do?activeTab=summary&keyVal=T336V2ES0IR00","725000","280","2.1","We wrote up your approved scheme at Dibden Hill Farm Dibden Hill Chalfont St Giles Buckinghamshire HP8 4RD and modelled high-level senior debt at 70% LTGDV (£4.6m against estimated GDV £6.5m).","Indicative 70% LTGDV funding view for Dibden Hill Farm Dibden Hill Chalfont St Giles Buckinghamshire HP8 4RD","Hi there,

I saw that Buckinghamshire Council approved PL/25/4022/PIP for Dibden Hill Farm Dibden Hill Chalfont St Giles Buckinghamshire HP8 4RD. We have written a short market note on the site here: https://constructioncapital.co.uk/news/2026-09-18-pl-25-4022-pip-amersham-planning-approved

Using local sold-price data, we estimate GDV at £6.5m. At 70% LTGDV, that points to high-level senior debt of around £4.6m, subject to valuation, cost plan, borrower experience and lender underwriting.

If this is a live scheme, I can put proper indicative terms together from our lender panel within 24 hours.

Regards,
Matt Lenzie
Construction Capital","The Developer


Re: Dibden Hill Farm Dibden Hill Chalfont St Giles Buckinghamshire HP8 4RD - approved planning application PL/25/4022/PIP

We noticed the recent approval for the above site and have prepared a short market note covering the planning consent, local sold-price evidence and a high-level senior debt view:
https://constructioncapital.co.uk/news/2026-09-18-pl-25-4022-pip-amersham-planning-approved

Based on the available data, we estimate GDV at £6.5m. At 70% LTGDV, this indicates potential senior debt of around £4.6m, subject to valuation, cost plan, borrower experience and lender underwriting.

Construction Capital arranges senior debt, mezzanine finance and equity/JV funding for UK property developers. If this site is moving toward acquisition or construction, we can provide formal indicative terms from our lender panel within 24 hours.

Yours faithfully,
Matt Lenzie
Construction Capital"
"26/01272/REM","14/09/2026","Chichester District Council","reserved_matters","sussex","bognor-regis","Land North Of Laroch Post Office Lane North Mundham West Sussex","","Application for approval of reserved matters appearance, landscaping, layout and scale for the construction of 19 no. dwellings and associated infrastructure with vehicular access from Post Office Lane, North Mundham, pursuant to Outline Planning Permission NM/21/02878/OUT.","19","6365000","4455500","335000","","","","","","","","","","","","","","https://constructioncapital.co.uk/news/2026-09-14-26-01272-rem-bognor-regis-planning-approved","https://publicaccess.chichester.gov.uk/online-applications/applicationDetails.do?activeTab=summary&keyVal=TGEUPCERN1K00","335000","2757","-2.9","We wrote up your approved scheme at Land North Of Laroch Post Office Lane North Mundham West Sussex and modelled high-level senior debt at 70% LTGDV (£4.5m against estimated GDV £6.4m).","Indicative 70% LTGDV funding view for Land North Of Laroch Post Office Lane North Mundham West Sussex","Hi there,

I saw that Chichester District Council approved 26/01272/REM for Land North Of Laroch Post Office Lane North Mundham West Sussex. We have written a short market note on the site here: https://constructioncapital.co.uk/news/2026-09-14-26-01272-rem-bognor-regis-planning-approved

Using local sold-price data, we estimate GDV at £6.4m. At 70% LTGDV, that points to high-level senior debt of around £4.5m, subject to valuation, cost plan, borrower experience and lender underwriting.

If this is a live scheme, I can put proper indicative terms together from our lender panel within 24 hours.

Regards,
Matt Lenzie
Construction Capital","The Developer


Re: Land North Of Laroch Post Office Lane North Mundham West Sussex - approved planning application 26/01272/REM

We noticed the recent approval for the above site and have prepared a short market note covering the planning consent, local sold-price evidence and a high-level senior debt view:
https://constructioncapital.co.uk/news/2026-09-14-26-01272-rem-bognor-regis-planning-approved

Based on the available data, we estimate GDV at £6.4m. At 70% LTGDV, this indicates potential senior debt of around £4.5m, subject to valuation, cost plan, borrower experience and lender underwriting.

Construction Capital arranges senior debt, mezzanine finance and equity/JV funding for UK property developers. If this site is moving toward acquisition or construction, we can provide formal indicative terms from our lender panel within 24 hours.

Yours faithfully,
Matt Lenzie
Construction Capital"
"PL/25/6029/FA","16/09/2026","Buckinghamshire Council","primary_consent","buckinghamshire","amersham","Land at Old Jobs Narcot Lane Chalfont St Peter Buckinghamshire SL9 8TR","SL9 8TR","Construction of 7 dwellings, with associated access, landscaping and open space","7","5075000","3552500","725000","","","","","","","","","","","","","","https://constructioncapital.co.uk/news/2026-09-16-pl-25-6029-fa-amersham-planning-approved","https://publicaccess.buckinghamshire.gov.uk/online-applications/applicationDetails.do?activeTab=summary&keyVal=T6G7QNESJNE00","725000","280","2.1","We wrote up your approved scheme at Land at Old Jobs Narcot Lane Chalfont St Peter Buckinghamshire SL9 8TR and modelled high-level senior debt at 70% LTGDV (£3.6m against estimated GDV £5.1m).","Indicative 70% LTGDV funding view for Land at Old Jobs Narcot Lane Chalfont St Peter Buckinghamshire SL9 8TR","Hi there,

I saw that Buckinghamshire Council approved PL/25/6029/FA for Land at Old Jobs Narcot Lane Chalfont St Peter Buckinghamshire SL9 8TR. We have written a short market note on the site here: https://constructioncapital.co.uk/news/2026-09-16-pl-25-6029-fa-amersham-planning-approved

Using local sold-price data, we estimate GDV at £5.1m. At 70% LTGDV, that points to high-level senior debt of around £3.6m, subject to valuation, cost plan, borrower experience and lender underwriting.

If this is a live scheme, I can put proper indicative terms together from our lender panel within 24 hours.

Regards,
Matt Lenzie
Construction Capital","The Developer


Re: Land at Old Jobs Narcot Lane Chalfont St Peter Buckinghamshire SL9 8TR - approved planning application PL/25/6029/FA

We noticed the recent approval for the above site and have prepared a short market note covering the planning consent, local sold-price evidence and a high-level senior debt view:
https://constructioncapital.co.uk/news/2026-09-16-pl-25-6029-fa-amersham-planning-approved

Based on the available data, we estimate GDV at £5.1m. At 70% LTGDV, this indicates potential senior debt of around £3.6m, subject to valuation, cost plan, borrower experience and lender underwriting.

Construction Capital arranges senior debt, mezzanine finance and equity/JV funding for UK property developers. If this site is moving toward acquisition or construction, we can provide formal indicative terms from our lender panel within 24 hours.

Yours faithfully,
Matt Lenzie
Construction Capital"
"26/01500/RD","16/09/2026","Tonbridge and Malling Borough Council","primary_consent","kent","tonbridge","84 Mill Hall Aylesford Kent ME20 7JN","ME20 7JN","Details of condition 6 (Verification Report) pursuant to planning permission TM/22/00701/FL (Construction of 12no dwellings with associated access, parking, and landscaping)","12","4890000","3423000","407500","","","","","","","","","","","","","","https://constructioncapital.co.uk/news/2026-09-16-26-01500-rd-tonbridge-planning-approved","https://publicaccess.tmbc.gov.uk/online-applications/applicationDetails.do?activeTab=summary&keyVal=TJMLDVQHHNS00","407500","1841","-0.6","We wrote up your approved scheme at 84 Mill Hall Aylesford Kent ME20 7JN and modelled high-level senior debt at 70% LTGDV (£3.4m against estimated GDV £4.9m).","Indicative 70% LTGDV funding view for 84 Mill Hall Aylesford Kent ME20 7JN","Hi there,

I saw that Tonbridge and Malling Borough Council approved 26/01500/RD for 84 Mill Hall Aylesford Kent ME20 7JN. We have written a short market note on the site here: https://constructioncapital.co.uk/news/2026-09-16-26-01500-rd-tonbridge-planning-approved

Using local sold-price data, we estimate GDV at £4.9m. At 70% LTGDV, that points to high-level senior debt of around £3.4m, subject to valuation, cost plan, borrower experience and lender underwriting.

If this is a live scheme, I can put proper indicative terms together from our lender panel within 24 hours.

Regards,
Matt Lenzie
Construction Capital","The Developer


Re: 84 Mill Hall Aylesford Kent ME20 7JN - approved planning application 26/01500/RD

We noticed the recent approval for the above site and have prepared a short market note covering the planning consent, local sold-price evidence and a high-level senior debt view:
https://constructioncapital.co.uk/news/2026-09-16-26-01500-rd-tonbridge-planning-approved

Based on the available data, we estimate GDV at £4.9m. At 70% LTGDV, this indicates potential senior debt of around £3.4m, subject to valuation, cost plan, borrower experience and lender underwriting.

Construction Capital arranges senior debt, mezzanine finance and equity/JV funding for UK property developers. If this site is moving toward acquisition or construction, we can provide formal indicative terms from our lender panel within 24 hours.

Yours faithfully,
Matt Lenzie
Construction Capital"
"26/01314/COUMA","16/09/2026","Wakefield Council","primary_consent","west-yorkshire","pontefract","White Rose House West Parade Wakefield WF1 1LT","WF1 1LT","Change of use under prior notification Class MA from offices to 46 residential apartments.","46","4370000","3059000","180000","","","","","","","","","","","","","","https://constructioncapital.co.uk/news/2026-09-16-26-01314-couma-pontefract-planning-approved","https://planning.wakefield.gov.uk/online-applications/applicationDetails.do?activeTab=summary&keyVal=TIMD0EQQFKG00","180000","1392","-2.7","We wrote up your approved scheme at White Rose House West Parade Wakefield WF1 1LT and modelled high-level senior debt at 70% LTGDV (£3.1m against estimated GDV £4.4m).","Indicative 70% LTGDV funding view for White Rose House West Parade Wakefield WF1 1LT","Hi there,

I saw that Wakefield Council approved 26/01314/COUMA for White Rose House West Parade Wakefield WF1 1LT. We have written a short market note on the site here: https://constructioncapital.co.uk/news/2026-09-16-26-01314-couma-pontefract-planning-approved

Using local sold-price data, we estimate GDV at £4.4m. At 70% LTGDV, that points to high-level senior debt of around £3.1m, subject to valuation, cost plan, borrower experience and lender underwriting.

If this is a live scheme, I can put proper indicative terms together from our lender panel within 24 hours.

Regards,
Matt Lenzie
Construction Capital","The Developer


Re: White Rose House West Parade Wakefield WF1 1LT - approved planning application 26/01314/COUMA

We noticed the recent approval for the above site and have prepared a short market note covering the planning consent, local sold-price evidence and a high-level senior debt view:
https://constructioncapital.co.uk/news/2026-09-16-26-01314-couma-pontefract-planning-approved

Based on the available data, we estimate GDV at £4.4m. At 70% LTGDV, this indicates potential senior debt of around £3.1m, subject to valuation, cost plan, borrower experience and lender underwriting.

Construction Capital arranges senior debt, mezzanine finance and equity/JV funding for UK property developers. If this site is moving toward acquisition or construction, we can provide formal indicative terms from our lender panel within 24 hours.

Yours faithfully,
Matt Lenzie
Construction Capital"
"SELZG2025/1021/OUT","17/09/2026","North Yorkshire Council","outline","north-yorkshire","harrogate","Highfield House Church Fenton Lane Ulleskelf LS24 9DW","LS24 9DW","Outline application for construction of 7 No detached dwellings following demolition of existing dwelling (all matters reserved)","7","3858750","2701125","315000","","","","","","","","","","","","","","https://constructioncapital.co.uk/news/2026-09-17-selzg2025-1021-out-harrogate-planning-approved","https://publicaccess.northyorks.gov.uk/online-applications/applicationDetails.do?activeTab=summary&keyVal=T3LKHINXJ4Y00","315000","1652","0.6","We wrote up your approved scheme at Highfield House Church Fenton Lane Ulleskelf LS24 9DW and modelled high-level senior debt at 70% LTGDV (£2.7m against estimated GDV £3.9m).","Indicative 70% LTGDV funding view for Highfield House Church Fenton Lane Ulleskelf LS24 9DW","Hi there,

I saw that North Yorkshire Council approved SELZG2025/1021/OUT for Highfield House Church Fenton Lane Ulleskelf LS24 9DW. We have written a short market note on the site here: https://constructioncapital.co.uk/news/2026-09-17-selzg2025-1021-out-harrogate-planning-approved

Using local sold-price data, we estimate GDV at £3.9m. At 70% LTGDV, that points to high-level senior debt of around £2.7m, subject to valuation, cost plan, borrower experience and lender underwriting.

If this is a live scheme, I can put proper indicative terms together from our lender panel within 24 hours.

Regards,
Matt Lenzie
Construction Capital","The Developer


Re: Highfield House Church Fenton Lane Ulleskelf LS24 9DW - approved planning application SELZG2025/1021/OUT

We noticed the recent approval for the above site and have prepared a short market note covering the planning consent, local sold-price evidence and a high-level senior debt view:
https://constructioncapital.co.uk/news/2026-09-17-selzg2025-1021-out-harrogate-planning-approved

Based on the available data, we estimate GDV at £3.9m. At 70% LTGDV, this indicates potential senior debt of around £2.7m, subject to valuation, cost plan, borrower experience and lender underwriting.

Construction Capital arranges senior debt, mezzanine finance and equity/JV funding for UK property developers. If this site is moving toward acquisition or construction, we can provide formal indicative terms from our lender panel within 24 hours.

Yours faithfully,
Matt Lenzie
Construction Capital"
"26/01338/PAMA","17/09/2026","Royal Borough of Kingston upon Thames","primary_consent","greater-london","kingston","2 Park Road Kingston Upon Thames KT2 6BN","KT2 6BN","Change of use of existing office floorspace at ground and first floors (Class E) to 7 residential units (Class C3) Prior Approval Under Schedule 2, Part 3, Class MA of the Town and Country Planning (General Permitted Development) (England) Order 2015 (as amended)","7","3745000","2621500","535000","","","","","","","","","","","","","","https://constructioncapital.co.uk/news/2026-09-17-26-01338-pama-kingston-planning-approved","https://publicaccess.kingston.gov.uk/online-applications/applicationDetails.do?activeTab=summary&keyVal=TH0TY5NHHKL00","535000","1815","0.9","We wrote up your approved scheme at 2 Park Road Kingston Upon Thames KT2 6BN and modelled high-level senior debt at 70% LTGDV (£2.6m against estimated GDV £3.7m).","Indicative 70% LTGDV funding view for 2 Park Road Kingston Upon Thames KT2 6BN","Hi there,

I saw that Royal Borough of Kingston upon Thames approved 26/01338/PAMA for 2 Park Road Kingston Upon Thames KT2 6BN. We have written a short market note on the site here: https://constructioncapital.co.uk/news/2026-09-17-26-01338-pama-kingston-planning-approved

Using local sold-price data, we estimate GDV at £3.7m. At 70% LTGDV, that points to high-level senior debt of around £2.6m, subject to valuation, cost plan, borrower experience and lender underwriting.

If this is a live scheme, I can put proper indicative terms together from our lender panel within 24 hours.

Regards,
Matt Lenzie
Construction Capital","The Developer


Re: 2 Park Road Kingston Upon Thames KT2 6BN - approved planning application 26/01338/PAMA

We noticed the recent approval for the above site and have prepared a short market note covering the planning consent, local sold-price evidence and a high-level senior debt view:
https://constructioncapital.co.uk/news/2026-09-17-26-01338-pama-kingston-planning-approved

Based on the available data, we estimate GDV at £3.7m. At 70% LTGDV, this indicates potential senior debt of around £2.6m, subject to valuation, cost plan, borrower experience and lender underwriting.

Construction Capital arranges senior debt, mezzanine finance and equity/JV funding for UK property developers. If this site is moving toward acquisition or construction, we can provide formal indicative terms from our lender panel within 24 hours.

Yours faithfully,
Matt Lenzie
Construction Capital"
"PL/25/3923/FA","16/09/2026","Buckinghamshire Council","primary_consent","buckinghamshire","amersham","No.2 and 4 Berwick Close Beaconsfield Buckinghamshire HP9 2RB","HP9 2RB","Proposed demolition of the existing buildings and development of 5 family homes, new vehicular accesses, car parking, landscaping.","5","3625000","2537500","725000","","","","","","","","","","","","","","https://constructioncapital.co.uk/news/2026-09-16-pl-25-3923-fa-amersham-planning-approved","https://publicaccess.buckinghamshire.gov.uk/online-applications/applicationDetails.do?activeTab=summary&keyVal=T2ZIHJESKMA00","725000","280","2.1","We wrote up your approved scheme at No.2 and 4 Berwick Close Beaconsfield Buckinghamshire HP9 2RB and modelled high-level senior debt at 70% LTGDV (£2.5m against estimated GDV £3.6m).","Indicative 70% LTGDV funding view for No.2 and 4 Berwick Close Beaconsfield Buckinghamshire HP9 2RB","Hi there,

I saw that Buckinghamshire Council approved PL/25/3923/FA for No.2 and 4 Berwick Close Beaconsfield Buckinghamshire HP9 2RB. We have written a short market note on the site here: https://constructioncapital.co.uk/news/2026-09-16-pl-25-3923-fa-amersham-planning-approved

Using local sold-price data, we estimate GDV at £3.6m. At 70% LTGDV, that points to high-level senior debt of around £2.5m, subject to valuation, cost plan, borrower experience and lender underwriting.

If this is a live scheme, I can put proper indicative terms together from our lender panel within 24 hours.

Regards,
Matt Lenzie
Construction Capital","The Developer


Re: No.2 and 4 Berwick Close Beaconsfield Buckinghamshire HP9 2RB - approved planning application PL/25/3923/FA

We noticed the recent approval for the above site and have prepared a short market note covering the planning consent, local sold-price evidence and a high-level senior debt view:
https://constructioncapital.co.uk/news/2026-09-16-pl-25-3923-fa-amersham-planning-approved

Based on the available data, we estimate GDV at £3.6m. At 70% LTGDV, this indicates potential senior debt of around £2.5m, subject to valuation, cost plan, borrower experience and lender underwriting.

Construction Capital arranges senior debt, mezzanine finance and equity/JV funding for UK property developers. If this site is moving toward acquisition or construction, we can provide formal indicative terms from our lender panel within 24 hours.

Yours faithfully,
Matt Lenzie
Construction Capital"
"26/02737/PRAA","14/09/2026","London Borough of Enfield","primary_consent","greater-london","enfield","Oliver House 23 Windmill Hill Enfield EN2 7AB","EN2 7AB","Prior approval for construction of two additional floors to existing building to provide 12 x self-contained flats.","12","3600000","2520000","445000","","","","","","","","","","","","","","https://constructioncapital.co.uk/news/2026-09-14-26-02737-praa-enfield-planning-approved","https://planningandbuildingcontrol.enfield.gov.uk/online-applications/applicationDetails.do?activeTab=summary&keyVal=TH8XVVJNG9200","445000","2709","-1.1","We wrote up your approved scheme at Oliver House 23 Windmill Hill Enfield EN2 7AB and modelled high-level senior debt at 70% LTGDV (£2.5m against estimated GDV £3.6m).","Indicative 70% LTGDV funding view for Oliver House 23 Windmill Hill Enfield EN2 7AB","Hi there,

I saw that London Borough of Enfield approved 26/02737/PRAA for Oliver House 23 Windmill Hill Enfield EN2 7AB. We have written a short market note on the site here: https://constructioncapital.co.uk/news/2026-09-14-26-02737-praa-enfield-planning-approved

Using local sold-price data, we estimate GDV at £3.6m. At 70% LTGDV, that points to high-level senior debt of around £2.5m, subject to valuation, cost plan, borrower experience and lender underwriting.

If this is a live scheme, I can put proper indicative terms together from our lender panel within 24 hours.

Regards,
Matt Lenzie
Construction Capital","The Developer


Re: Oliver House 23 Windmill Hill Enfield EN2 7AB - approved planning application 26/02737/PRAA

We noticed the recent approval for the above site and have prepared a short market note covering the planning consent, local sold-price evidence and a high-level senior debt view:
https://constructioncapital.co.uk/news/2026-09-14-26-02737-praa-enfield-planning-approved

Based on the available data, we estimate GDV at £3.6m. At 70% LTGDV, this indicates potential senior debt of around £2.5m, subject to valuation, cost plan, borrower experience and lender underwriting.

Construction Capital arranges senior debt, mezzanine finance and equity/JV funding for UK property developers. If this site is moving toward acquisition or construction, we can provide formal indicative terms from our lender panel within 24 hours.

Yours faithfully,
Matt Lenzie
Construction Capital"
"76681","15/09/2026","North Devon Council","reserved_matters","devon","barnstaple","Land adj Station Hill & Archipark Swimbridge Barnstaple Devon","","Reserved matters application for appearance, landscaping, layout, scale and access (outline planning permission 61689 - erection of 12 dwellings (1 affordable & 11 open market) together with, attenuation pond & associated landscaping) (amended description) (amended plans/information)","12","3420000","2394000","285000","Mr Paul Knox","","Mrs Rebecca Fearnley","","","","","","","","","","","https://constructioncapital.co.uk/news/2026-09-15-76681-barnstaple-planning-approved","https://planning.northdevon.gov.uk/Planning/Display/76681","285000","1510","-2.8","We wrote up your approved scheme at Land adj Station Hill & Archipark Swimbridge Barnstaple Devon and modelled high-level senior debt at 70% LTGDV (£2.4m against estimated GDV £3.4m).","Indicative 70% LTGDV funding view for Land adj Station Hill & Archipark Swimbridge Barnstaple Devon","Hi Mr Paul Knox,

I saw that North Devon Council approved 76681 for Land adj Station Hill & Archipark Swimbridge Barnstaple Devon. We have written a short market note on the site here: https://constructioncapital.co.uk/news/2026-09-15-76681-barnstaple-planning-approved

Using local sold-price data, we estimate GDV at £3.4m. At 70% LTGDV, that points to high-level senior debt of around £2.4m, subject to valuation, cost plan, borrower experience and lender underwriting.

If this is a live scheme, I can put proper indicative terms together from our lender panel within 24 hours.

Regards,
Matt Lenzie
Construction Capital","Mr Paul Knox


Re: Land adj Station Hill & Archipark Swimbridge Barnstaple Devon - approved planning application 76681

We noticed the recent approval for the above site and have prepared a short market note covering the planning consent, local sold-price evidence and a high-level senior debt view:
https://constructioncapital.co.uk/news/2026-09-15-76681-barnstaple-planning-approved

Based on the available data, we estimate GDV at £3.4m. At 70% LTGDV, this indicates potential senior debt of around £2.4m, subject to valuation, cost plan, borrower experience and lender underwriting.

Construction Capital arranges senior debt, mezzanine finance and equity/JV funding for UK property developers. If this site is moving toward acquisition or construction, we can provide formal indicative terms from our lender panel within 24 hours.

Yours faithfully,
Matt Lenzie
Construction Capital"
"26/02347/FUL","17/09/2026","Greater Cambridge Shared Planning","primary_consent","cambridgeshire","cambridge","Land To The Southeast Of 88 Moorfield Road Whittlesford Cambridgeshire CB22 4PS","CB22 4PS","Erection of 4 detached residential dwellings and associated works.","4","3260000","2282000","485000","","","","","","","","","","","","","","https://constructioncapital.co.uk/news/2026-09-17-26-02347-ful-cambridge-planning-approved","https://applications.greatercambridgeplanning.org/online-applications/applicationDetails.do?activeTab=summary&keyVal=TGW00WDXJH200","485000","1260","-1","We wrote up your approved scheme at Land To The Southeast Of 88 Moorfield Road Whittlesford Cambridgeshire CB22 4PS and modelled high-level senior debt at 70% LTGDV (£2.3m against estimated GDV £3.3m).","Indicative 70% LTGDV funding view for Land To The Southeast Of 88 Moorfield Road Whittlesford Cambridgeshire CB22 4PS","Hi there,

I saw that Greater Cambridge Shared Planning approved 26/02347/FUL for Land To The Southeast Of 88 Moorfield Road Whittlesford Cambridgeshire CB22 4PS. We have written a short market note on the site here: https://constructioncapital.co.uk/news/2026-09-17-26-02347-ful-cambridge-planning-approved

Using local sold-price data, we estimate GDV at £3.3m. At 70% LTGDV, that points to high-level senior debt of around £2.3m, subject to valuation, cost plan, borrower experience and lender underwriting.

If this is a live scheme, I can put proper indicative terms together from our lender panel within 24 hours.

Regards,
Matt Lenzie
Construction Capital","The Developer


Re: Land To The Southeast Of 88 Moorfield Road Whittlesford Cambridgeshire CB22 4PS - approved planning application 26/02347/FUL

We noticed the recent approval for the above site and have prepared a short market note covering the planning consent, local sold-price evidence and a high-level senior debt view:
https://constructioncapital.co.uk/news/2026-09-17-26-02347-ful-cambridge-planning-approved

Based on the available data, we estimate GDV at £3.3m. At 70% LTGDV, this indicates potential senior debt of around £2.3m, subject to valuation, cost plan, borrower experience and lender underwriting.

Construction Capital arranges senior debt, mezzanine finance and equity/JV funding for UK property developers. If this site is moving toward acquisition or construction, we can provide formal indicative terms from our lender panel within 24 hours.

Yours faithfully,
Matt Lenzie
Construction Capital"
"CA/23/01371","17/09/2026","Canterbury City Council","primary_consent","kent","canterbury","Great Pett Farm Pett Hill Bridge Kent CT4 5AN","CT4 5AN","Erection of 9 dwellings together with access, landscape, parking and ancillary works and infrastructure following demolition of existing agricultural buildings.","9","3015000","2110500","335000","","","","","","","","","","","","","","https://constructioncapital.co.uk/news/2026-09-17-ca-23-01371-canterbury-planning-approved","https://pa.canterbury.gov.uk/online-applications/applicationDetails.do?activeTab=summary&keyVal=RY5H05EAGU700","335000","2130","-1.5","We wrote up your approved scheme at Great Pett Farm Pett Hill Bridge Kent CT4 5AN and modelled high-level senior debt at 70% LTGDV (£2.1m against estimated GDV £3.0m).","Indicative 70% LTGDV funding view for Great Pett Farm Pett Hill Bridge Kent CT4 5AN","Hi there,

I saw that Canterbury City Council approved CA/23/01371 for Great Pett Farm Pett Hill Bridge Kent CT4 5AN. We have written a short market note on the site here: https://constructioncapital.co.uk/news/2026-09-17-ca-23-01371-canterbury-planning-approved

Using local sold-price data, we estimate GDV at £3.0m. At 70% LTGDV, that points to high-level senior debt of around £2.1m, subject to valuation, cost plan, borrower experience and lender underwriting.

If this is a live scheme, I can put proper indicative terms together from our lender panel within 24 hours.

Regards,
Matt Lenzie
Construction Capital","The Developer


Re: Great Pett Farm Pett Hill Bridge Kent CT4 5AN - approved planning application CA/23/01371

We noticed the recent approval for the above site and have prepared a short market note covering the planning consent, local sold-price evidence and a high-level senior debt view:
https://constructioncapital.co.uk/news/2026-09-17-ca-23-01371-canterbury-planning-approved

Based on the available data, we estimate GDV at £3.0m. At 70% LTGDV, this indicates potential senior debt of around £2.1m, subject to valuation, cost plan, borrower experience and lender underwriting.

Construction Capital arranges senior debt, mezzanine finance and equity/JV funding for UK property developers. If this site is moving toward acquisition or construction, we can provide formal indicative terms from our lender panel within 24 hours.

Yours faithfully,
Matt Lenzie
Construction Capital"
"25/06568/OUT","16/09/2026","Westminster City Council","primary_consent","greater-london","marylebone","5 Lanhill Road London W9 2BP","W9 2BP","Erection of replacement single storey rear extensions at lower ground floor level; erection of single storey rear extension at second floor level with associated terrace above at third floor level; erection of rear dormer roof extension; installation of rooflights to front roof slope; alterations to rear windows; all in association with the use of the building as 4 flats (Use Class C3).","4","2876000","2013200","822300","","","","","","","","","","","","","","https://constructioncapital.co.uk/news/2026-09-16-25-06568-out-marylebone-planning-approved","https://idoxpa.westminster.gov.uk/online-applications/applicationDetails.do?activeTab=summary&keyVal=T2MAPBRPLNF00","822300","2132","-10.6","We wrote up your approved scheme at 5 Lanhill Road London W9 2BP and modelled high-level senior debt at 70% LTGDV (£2.0m against estimated GDV £2.9m).","Indicative 70% LTGDV funding view for 5 Lanhill Road London W9 2BP","Hi there,

I saw that Westminster City Council approved 25/06568/OUT for 5 Lanhill Road London W9 2BP. We have written a short market note on the site here: https://constructioncapital.co.uk/news/2026-09-16-25-06568-out-marylebone-planning-approved

Using local sold-price data, we estimate GDV at £2.9m. At 70% LTGDV, that points to high-level senior debt of around £2.0m, subject to valuation, cost plan, borrower experience and lender underwriting.

If this is a live scheme, I can put proper indicative terms together from our lender panel within 24 hours.

Regards,
Matt Lenzie
Construction Capital","The Developer


Re: 5 Lanhill Road London W9 2BP - approved planning application 25/06568/OUT

We noticed the recent approval for the above site and have prepared a short market note covering the planning consent, local sold-price evidence and a high-level senior debt view:
https://constructioncapital.co.uk/news/2026-09-16-25-06568-out-marylebone-planning-approved

Based on the available data, we estimate GDV at £2.9m. At 70% LTGDV, this indicates potential senior debt of around £2.0m, subject to valuation, cost plan, borrower experience and lender underwriting.

Construction Capital arranges senior debt, mezzanine finance and equity/JV funding for UK property developers. If this site is moving toward acquisition or construction, we can provide formal indicative terms from our lender panel within 24 hours.

Yours faithfully,
Matt Lenzie
Construction Capital"
"25/00595/RD","14/09/2026","Tonbridge and Malling Borough Council","outline","kent","tonbridge","Barfield House Teston Road Offham West Malling Kent ME19 5PD","ME19 5PD","Details of Condition 10 (Remediation verification report) submitted pursuant to planning permission TM/19/01531/OA (Outline Application: erection of 7 no. dwellings and new access to highway)","7","2852500","1996750","407500","","","","","","","","","","","","","","https://constructioncapital.co.uk/news/2026-09-14-25-00595-rd-tonbridge-planning-approved","https://publicaccess.tmbc.gov.uk/online-applications/applicationDetails.do?activeTab=summary&keyVal=ZZZZZFPUSP129","407500","1841","-0.6","We wrote up your approved scheme at Barfield House Teston Road Offham West Malling Kent ME19 5PD and modelled high-level senior debt at 70% LTGDV (£2.0m against estimated GDV £2.9m).","Indicative 70% LTGDV funding view for Barfield House Teston Road Offham West Malling Kent ME19 5PD","Hi there,

I saw that Tonbridge and Malling Borough Council approved 25/00595/RD for Barfield House Teston Road Offham West Malling Kent ME19 5PD. We have written a short market note on the site here: https://constructioncapital.co.uk/news/2026-09-14-25-00595-rd-tonbridge-planning-approved

Using local sold-price data, we estimate GDV at £2.9m. At 70% LTGDV, that points to high-level senior debt of around £2.0m, subject to valuation, cost plan, borrower experience and lender underwriting.

If this is a live scheme, I can put proper indicative terms together from our lender panel within 24 hours.

Regards,
Matt Lenzie
Construction Capital","The Developer


Re: Barfield House Teston Road Offham West Malling Kent ME19 5PD - approved planning application 25/00595/RD

We noticed the recent approval for the above site and have prepared a short market note covering the planning consent, local sold-price evidence and a high-level senior debt view:
https://constructioncapital.co.uk/news/2026-09-14-25-00595-rd-tonbridge-planning-approved

Based on the available data, we estimate GDV at £2.9m. At 70% LTGDV, this indicates potential senior debt of around £2.0m, subject to valuation, cost plan, borrower experience and lender underwriting.

Construction Capital arranges senior debt, mezzanine finance and equity/JV funding for UK property developers. If this site is moving toward acquisition or construction, we can provide formal indicative terms from our lender panel within 24 hours.

Yours faithfully,
Matt Lenzie
Construction Capital"
"2024/0579/OUT","15/09/2026","Mendip District Council (legacy portal)","outline","somerset","frome","Land At 352126 145980 Henley Lane Wookey Wells Somerset","","Application for Outline Planning Permission with some matters reserved for the development of 9 dwellings & vehicular access, landscaping, public open space & related infrastructure & engineering works with details of access.","9","2790000","1953000","310000","","","","","","","","","","","","","","https://constructioncapital.co.uk/news/2026-09-15-2024-0579-out-frome-planning-approved","https://publicaccess.mendip.gov.uk/online-applications/applicationDetails.do?activeTab=summary&keyVal=SAR9JFKPKBB00","310000","587","-6.1","We wrote up your approved scheme at Land At 352126 145980 Henley Lane Wookey Wells Somerset and modelled high-level senior debt at 70% LTGDV (£2.0m against estimated GDV £2.8m).","Indicative 70% LTGDV funding view for Land At 352126 145980 Henley Lane Wookey Wells Somerset","Hi there,

I saw that Mendip District Council (legacy portal) approved 2024/0579/OUT for Land At 352126 145980 Henley Lane Wookey Wells Somerset. We have written a short market note on the site here: https://constructioncapital.co.uk/news/2026-09-15-2024-0579-out-frome-planning-approved

Using local sold-price data, we estimate GDV at £2.8m. At 70% LTGDV, that points to high-level senior debt of around £2.0m, subject to valuation, cost plan, borrower experience and lender underwriting.

If this is a live scheme, I can put proper indicative terms together from our lender panel within 24 hours.

Regards,
Matt Lenzie
Construction Capital","The Developer


Re: Land At 352126 145980 Henley Lane Wookey Wells Somerset - approved planning application 2024/0579/OUT

We noticed the recent approval for the above site and have prepared a short market note covering the planning consent, local sold-price evidence and a high-level senior debt view:
https://constructioncapital.co.uk/news/2026-09-15-2024-0579-out-frome-planning-approved

Based on the available data, we estimate GDV at £2.8m. At 70% LTGDV, this indicates potential senior debt of around £2.0m, subject to valuation, cost plan, borrower experience and lender underwriting.

Construction Capital arranges senior debt, mezzanine finance and equity/JV funding for UK property developers. If this site is moving toward acquisition or construction, we can provide formal indicative terms from our lender panel within 24 hours.

Yours faithfully,
Matt Lenzie
Construction Capital"
"DC/26/01548","14/09/2026","Babergh & Mid Suffolk Councils","primary_consent","suffolk","stowmarket","Former Downs Garage Site Southgate Street Long Melford CO10 9HU","CO10 9HU","Full Planning Application - Erection of 9 No. Houses.","9","2731500","1912050","303500","","","","","","","","","","","","","","https://constructioncapital.co.uk/news/2026-09-14-dc-26-01548-stowmarket-planning-approved","https://planning.baberghmidsuffolk.gov.uk/online-applications/applicationDetails.do?activeTab=summary&keyVal=TDAI5XSHFVX00","303500","1692","-3.7","We wrote up your approved scheme at Former Downs Garage Site Southgate Street Long Melford CO10 9HU and modelled high-level senior debt at 70% LTGDV (£1.9m against estimated GDV £2.7m).","Indicative 70% LTGDV funding view for Former Downs Garage Site Southgate Street Long Melford CO10 9HU","Hi there,

I saw that Babergh & Mid Suffolk Councils approved DC/26/01548 for Former Downs Garage Site Southgate Street Long Melford CO10 9HU. We have written a short market note on the site here: https://constructioncapital.co.uk/news/2026-09-14-dc-26-01548-stowmarket-planning-approved

Using local sold-price data, we estimate GDV at £2.7m. At 70% LTGDV, that points to high-level senior debt of around £1.9m, subject to valuation, cost plan, borrower experience and lender underwriting.

If this is a live scheme, I can put proper indicative terms together from our lender panel within 24 hours.

Regards,
Matt Lenzie
Construction Capital","The Developer


Re: Former Downs Garage Site Southgate Street Long Melford CO10 9HU - approved planning application DC/26/01548

We noticed the recent approval for the above site and have prepared a short market note covering the planning consent, local sold-price evidence and a high-level senior debt view:
https://constructioncapital.co.uk/news/2026-09-14-dc-26-01548-stowmarket-planning-approved

Based on the available data, we estimate GDV at £2.7m. At 70% LTGDV, this indicates potential senior debt of around £1.9m, subject to valuation, cost plan, borrower experience and lender underwriting.

Construction Capital arranges senior debt, mezzanine finance and equity/JV funding for UK property developers. If this site is moving toward acquisition or construction, we can provide formal indicative terms from our lender panel within 24 hours.

Yours faithfully,
Matt Lenzie
Construction Capital"
"DC/26/0587/FUL","18/09/2026","West Suffolk Council","primary_consent","suffolk","bury-st-edmunds","The Weymed Site Swan Lane Bury St Edmunds Suffolk IP33 2AR","IP33 2AR","Planning application - nine dwellings with associated access","9","2610000","1827000","290000","","","","","","","","","","","","","","https://constructioncapital.co.uk/news/2026-09-18-dc-26-0587-ful-bury-st-edmunds-planning-approved","https://planning.westsuffolk.gov.uk/online-applications/applicationDetails.do?activeTab=summary&keyVal=TDABCRPDK5K00","290000","1515","-2.5","We wrote up your approved scheme at The Weymed Site Swan Lane Bury St Edmunds Suffolk IP33 2AR and modelled high-level senior debt at 70% LTGDV (£1.8m against estimated GDV £2.6m).","Indicative 70% LTGDV funding view for The Weymed Site Swan Lane Bury St Edmunds Suffolk IP33 2AR","Hi there,

I saw that West Suffolk Council approved DC/26/0587/FUL for The Weymed Site Swan Lane Bury St Edmunds Suffolk IP33 2AR. We have written a short market note on the site here: https://constructioncapital.co.uk/news/2026-09-18-dc-26-0587-ful-bury-st-edmunds-planning-approved

Using local sold-price data, we estimate GDV at £2.6m. At 70% LTGDV, that points to high-level senior debt of around £1.8m, subject to valuation, cost plan, borrower experience and lender underwriting.

If this is a live scheme, I can put proper indicative terms together from our lender panel within 24 hours.

Regards,
Matt Lenzie
Construction Capital","The Developer


Re: The Weymed Site Swan Lane Bury St Edmunds Suffolk IP33 2AR - approved planning application DC/26/0587/FUL

We noticed the recent approval for the above site and have prepared a short market note covering the planning consent, local sold-price evidence and a high-level senior debt view:
https://constructioncapital.co.uk/news/2026-09-18-dc-26-0587-ful-bury-st-edmunds-planning-approved

Based on the available data, we estimate GDV at £2.6m. At 70% LTGDV, this indicates potential senior debt of around £1.8m, subject to valuation, cost plan, borrower experience and lender underwriting.

Construction Capital arranges senior debt, mezzanine finance and equity/JV funding for UK property developers. If this site is moving toward acquisition or construction, we can provide formal indicative terms from our lender panel within 24 hours.

Yours faithfully,
Matt Lenzie
Construction Capital"
"25/01164","14/09/2026","Dover District Council","primary_consent","kent","dover","Land South West Of Sholden Drive Sandwich Road Sholden Deal","","Erection of 9 dwellings with associated parking and infrastructure","9","2565000","1795500","285000","","","","","","","","","","","","","","https://constructioncapital.co.uk/news/2026-09-14-25-01164-dover-planning-approved","https://publicaccess.dover.gov.uk/online-applications/applicationDetails.do?activeTab=summary&keyVal=T4SEXTFZK0Y00","285000","1788","-0.3","We wrote up your approved scheme at Land South West Of Sholden Drive Sandwich Road Sholden Deal and modelled high-level senior debt at 70% LTGDV (£1.8m against estimated GDV £2.6m).","Indicative 70% LTGDV funding view for Land South West Of Sholden Drive Sandwich Road Sholden Deal","Hi there,

I saw that Dover District Council approved 25/01164 for Land South West Of Sholden Drive Sandwich Road Sholden Deal. We have written a short market note on the site here: https://constructioncapital.co.uk/news/2026-09-14-25-01164-dover-planning-approved

Using local sold-price data, we estimate GDV at £2.6m. At 70% LTGDV, that points to high-level senior debt of around £1.8m, subject to valuation, cost plan, borrower experience and lender underwriting.

If this is a live scheme, I can put proper indicative terms together from our lender panel within 24 hours.

Regards,
Matt Lenzie
Construction Capital","The Developer


Re: Land South West Of Sholden Drive Sandwich Road Sholden Deal - approved planning application 25/01164

We noticed the recent approval for the above site and have prepared a short market note covering the planning consent, local sold-price evidence and a high-level senior debt view:
https://constructioncapital.co.uk/news/2026-09-14-25-01164-dover-planning-approved

Based on the available data, we estimate GDV at £2.6m. At 70% LTGDV, this indicates potential senior debt of around £1.8m, subject to valuation, cost plan, borrower experience and lender underwriting.

Construction Capital arranges senior debt, mezzanine finance and equity/JV funding for UK property developers. If this site is moving toward acquisition or construction, we can provide formal indicative terms from our lender panel within 24 hours.

Yours faithfully,
Matt Lenzie
Construction Capital"
"PA26/05259","15/09/2026","Cornwall Council","primary_consent","cornwall","bodmin","Land East Of Willow End Hobbacott Lane Marhamchurch Bude Cornwall","","Application for Permission in Principle for the construction of up to 9 dwellings (minimum of 5, maximum of 9)","9","2229750","1560825","247750","","","","","","","","","","","","","","https://constructioncapital.co.uk/news/2026-09-15-pa26-05259-bodmin-planning-approved","https://planning.cornwall.gov.uk/online-applications/applicationDetails.do?activeTab=summary&keyVal=TIW420FG0CQ00","247750","346","-4.7","We wrote up your approved scheme at Land East Of Willow End Hobbacott Lane Marhamchurch Bude Cornwall and modelled high-level senior debt at 70% LTGDV (£1.6m against estimated GDV £2.2m).","Indicative 70% LTGDV funding view for Land East Of Willow End Hobbacott Lane Marhamchurch Bude Cornwall","Hi there,

I saw that Cornwall Council approved PA26/05259 for Land East Of Willow End Hobbacott Lane Marhamchurch Bude Cornwall. We have written a short market note on the site here: https://constructioncapital.co.uk/news/2026-09-15-pa26-05259-bodmin-planning-approved

Using local sold-price data, we estimate GDV at £2.2m. At 70% LTGDV, that points to high-level senior debt of around £1.6m, subject to valuation, cost plan, borrower experience and lender underwriting.

If this is a live scheme, I can put proper indicative terms together from our lender panel within 24 hours.

Regards,
Matt Lenzie
Construction Capital","The Developer


Re: Land East Of Willow End Hobbacott Lane Marhamchurch Bude Cornwall - approved planning application PA26/05259

We noticed the recent approval for the above site and have prepared a short market note covering the planning consent, local sold-price evidence and a high-level senior debt view:
https://constructioncapital.co.uk/news/2026-09-15-pa26-05259-bodmin-planning-approved

Based on the available data, we estimate GDV at £2.2m. At 70% LTGDV, this indicates potential senior debt of around £1.6m, subject to valuation, cost plan, borrower experience and lender underwriting.

Construction Capital arranges senior debt, mezzanine finance and equity/JV funding for UK property developers. If this site is moving toward acquisition or construction, we can provide formal indicative terms from our lender panel within 24 hours.

Yours faithfully,
Matt Lenzie
Construction Capital"
"PL/26/06439/PIP","14/09/2026","Buckinghamshire Council","primary_consent","buckinghamshire","amersham","Land at 91 Mayhew Crescent and To The Rear Of 83 To 93 Mayhew Crescent High Wycombe Buckinghamshire HP13 6DF","HP13 6DF","Application for permission in principle for erection of 3 pairs of semi-detached dwellings (six in total), following the demolition of 91 Mayhew Crescent to form access, with associated remediation works.","3","2220000","1554000","725000","","","","","","","","","","","","","","https://constructioncapital.co.uk/news/2026-09-14-pl-26-06439-pip-amersham-planning-approved","https://publicaccess.buckinghamshire.gov.uk/online-applications/applicationDetails.do?activeTab=summary&keyVal=TJK12UES0R600","725000","280","2.1","We wrote up your approved scheme at Land at 91 Mayhew Crescent and To The Rear Of 83 To 93 Mayhew Crescent High Wycombe Buckinghamshire HP13 6DF and modelled high-level senior debt at 70% LTGDV (£1.6m against estimated GDV £2.2m).","Indicative 70% LTGDV funding view for Land at 91 Mayhew Crescent and To The Rear Of 83 To 93 Mayhew Crescent High Wycombe Buckinghamshire HP13 6DF","Hi there,

I saw that Buckinghamshire Council approved PL/26/06439/PIP for Land at 91 Mayhew Crescent and To The Rear Of 83 To 93 Mayhew Crescent High Wycombe Buckinghamshire HP13 6DF. We have written a short market note on the site here: https://constructioncapital.co.uk/news/2026-09-14-pl-26-06439-pip-amersham-planning-approved

Using local sold-price data, we estimate GDV at £2.2m. At 70% LTGDV, that points to high-level senior debt of around £1.6m, subject to valuation, cost plan, borrower experience and lender underwriting.

If this is a live scheme, I can put proper indicative terms together from our lender panel within 24 hours.

Regards,
Matt Lenzie
Construction Capital","The Developer


Re: Land at 91 Mayhew Crescent and To The Rear Of 83 To 93 Mayhew Crescent High Wycombe Buckinghamshire HP13 6DF - approved planning application PL/26/06439/PIP

We noticed the recent approval for the above site and have prepared a short market note covering the planning consent, local sold-price evidence and a high-level senior debt view:
https://constructioncapital.co.uk/news/2026-09-14-pl-26-06439-pip-amersham-planning-approved

Based on the available data, we estimate GDV at £2.2m. At 70% LTGDV, this indicates potential senior debt of around £1.6m, subject to valuation, cost plan, borrower experience and lender underwriting.

Construction Capital arranges senior debt, mezzanine finance and equity/JV funding for UK property developers. If this site is moving toward acquisition or construction, we can provide formal indicative terms from our lender panel within 24 hours.

Yours faithfully,
Matt Lenzie
Construction Capital"
"119218/FUL/26","17/09/2026","Trafford Council","primary_consent","greater-manchester","altrincham","23 Elton Street Stretford Manchester M32 0SD","M32 0SD","Change of Use of existing residential property (Use Class C3) to a 6 bed House in Multiple Occupation (HMO) (Use Class C4)","6","2208000","1545600","368000","","","","","","","","","","","","","","https://constructioncapital.co.uk/news/2026-09-17-119218-ful-26-altrincham-planning-approved","https://pa.trafford.gov.uk/online-applications/applicationDetails.do?activeTab=summary&keyVal=TFQP1XQLKKL00","368000","2969","2.7","We wrote up your approved scheme at 23 Elton Street Stretford Manchester M32 0SD and modelled high-level senior debt at 70% LTGDV (£1.5m against estimated GDV £2.2m).","Indicative 70% LTGDV funding view for 23 Elton Street Stretford Manchester M32 0SD","Hi there,

I saw that Trafford Council approved 119218/FUL/26 for 23 Elton Street Stretford Manchester M32 0SD. We have written a short market note on the site here: https://constructioncapital.co.uk/news/2026-09-17-119218-ful-26-altrincham-planning-approved

Using local sold-price data, we estimate GDV at £2.2m. At 70% LTGDV, that points to high-level senior debt of around £1.5m, subject to valuation, cost plan, borrower experience and lender underwriting.

If this is a live scheme, I can put proper indicative terms together from our lender panel within 24 hours.

Regards,
Matt Lenzie
Construction Capital","The Developer


Re: 23 Elton Street Stretford Manchester M32 0SD - approved planning application 119218/FUL/26

We noticed the recent approval for the above site and have prepared a short market note covering the planning consent, local sold-price evidence and a high-level senior debt view:
https://constructioncapital.co.uk/news/2026-09-17-119218-ful-26-altrincham-planning-approved

Based on the available data, we estimate GDV at £2.2m. At 70% LTGDV, this indicates potential senior debt of around £1.5m, subject to valuation, cost plan, borrower experience and lender underwriting.

Construction Capital arranges senior debt, mezzanine finance and equity/JV funding for UK property developers. If this site is moving toward acquisition or construction, we can provide formal indicative terms from our lender panel within 24 hours.

Yours faithfully,
Matt Lenzie
Construction Capital"
"26/1865","15/09/2026","London Borough of Brent","primary_consent","greater-london","wembley","13 Walton Close, London, NW2 6EQ","NW2 6EQ","Proposed conversion of dwellinghouse into a 4x bed 4x person house in multiple occupation (HMO) w...","4","2080000","1456000","520000","","","","","","","","","","","","","","https://constructioncapital.co.uk/news/2026-09-15-26-1865-wembley-planning-approved","https://pa.brent.gov.uk/online-applications/applicationDetails.do?activeTab=summary&keyVal=DCAPR_178156","520000","2087","-1.5","We wrote up your approved scheme at 13 Walton Close, London, NW2 6EQ and modelled high-level senior debt at 70% LTGDV (£1.5m against estimated GDV £2.1m).","Indicative 70% LTGDV funding view for 13 Walton Close, London, NW2 6EQ","Hi there,

I saw that London Borough of Brent approved 26/1865 for 13 Walton Close, London, NW2 6EQ. We have written a short market note on the site here: https://constructioncapital.co.uk/news/2026-09-15-26-1865-wembley-planning-approved

Using local sold-price data, we estimate GDV at £2.1m. At 70% LTGDV, that points to high-level senior debt of around £1.5m, subject to valuation, cost plan, borrower experience and lender underwriting.

If this is a live scheme, I can put proper indicative terms together from our lender panel within 24 hours.

Regards,
Matt Lenzie
Construction Capital","The Developer


Re: 13 Walton Close, London, NW2 6EQ - approved planning application 26/1865

We noticed the recent approval for the above site and have prepared a short market note covering the planning consent, local sold-price evidence and a high-level senior debt view:
https://constructioncapital.co.uk/news/2026-09-15-26-1865-wembley-planning-approved

Based on the available data, we estimate GDV at £2.1m. At 70% LTGDV, this indicates potential senior debt of around £1.5m, subject to valuation, cost plan, borrower experience and lender underwriting.

Construction Capital arranges senior debt, mezzanine finance and equity/JV funding for UK property developers. If this site is moving toward acquisition or construction, we can provide formal indicative terms from our lender panel within 24 hours.

Yours faithfully,
Matt Lenzie
Construction Capital"
"23/01252/OUTM","14/09/2026","Newark and Sherwood District Council","primary_consent","nottinghamshire","newark","Land At Farnsfield Road Bilsthorpe","","Proposed residential development up to 9 No. First Homes","9","2070000","1449000","230000","","","","","","","","","","","","","","https://constructioncapital.co.uk/news/2026-09-14-23-01252-outm-newark-planning-approved","https://publicaccess.newark-sherwooddc.gov.uk/online-applications/applicationDetails.do?activeTab=summary&keyVal=RXY2ZXLBJL600","230000","2022","-0.9","We wrote up your approved scheme at Land At Farnsfield Road Bilsthorpe and modelled high-level senior debt at 70% LTGDV (£1.4m against estimated GDV £2.1m).","Indicative 70% LTGDV funding view for Land At Farnsfield Road Bilsthorpe","Hi there,

I saw that Newark and Sherwood District Council approved 23/01252/OUTM for Land At Farnsfield Road Bilsthorpe. We have written a short market note on the site here: https://constructioncapital.co.uk/news/2026-09-14-23-01252-outm-newark-planning-approved

Using local sold-price data, we estimate GDV at £2.1m. At 70% LTGDV, that points to high-level senior debt of around £1.4m, subject to valuation, cost plan, borrower experience and lender underwriting.

If this is a live scheme, I can put proper indicative terms together from our lender panel within 24 hours.

Regards,
Matt Lenzie
Construction Capital","The Developer


Re: Land At Farnsfield Road Bilsthorpe - approved planning application 23/01252/OUTM

We noticed the recent approval for the above site and have prepared a short market note covering the planning consent, local sold-price evidence and a high-level senior debt view:
https://constructioncapital.co.uk/news/2026-09-14-23-01252-outm-newark-planning-approved

Based on the available data, we estimate GDV at £2.1m. At 70% LTGDV, this indicates potential senior debt of around £1.4m, subject to valuation, cost plan, borrower experience and lender underwriting.

Construction Capital arranges senior debt, mezzanine finance and equity/JV funding for UK property developers. If this site is moving toward acquisition or construction, we can provide formal indicative terms from our lender panel within 24 hours.

Yours faithfully,
Matt Lenzie
Construction Capital"
"P26/01468/PIP","17/09/2026","South Gloucestershire Council","primary_consent","bristol","filton","Filton Clinic Shields Avenue Filton South Gloucestershire BS7 0RR","BS7 0RR","Permission in principle for the erection of up to 6no dwellings.","6","2010000","1407000","335000","","","","","","","","","","","","","","https://constructioncapital.co.uk/news/2026-09-17-p26-01468-pip-filton-planning-approved","https://developments.southglos.gov.uk/online-applications/applicationDetails.do?activeTab=summary&keyVal=THEFBYOK0PJ00","335000","4080","-1.8","We wrote up your approved scheme at Filton Clinic Shields Avenue Filton South Gloucestershire BS7 0RR and modelled high-level senior debt at 70% LTGDV (£1.4m against estimated GDV £2.0m).","Indicative 70% LTGDV funding view for Filton Clinic Shields Avenue Filton South Gloucestershire BS7 0RR","Hi there,

I saw that South Gloucestershire Council approved P26/01468/PIP for Filton Clinic Shields Avenue Filton South Gloucestershire BS7 0RR. We have written a short market note on the site here: https://constructioncapital.co.uk/news/2026-09-17-p26-01468-pip-filton-planning-approved

Using local sold-price data, we estimate GDV at £2.0m. At 70% LTGDV, that points to high-level senior debt of around £1.4m, subject to valuation, cost plan, borrower experience and lender underwriting.

If this is a live scheme, I can put proper indicative terms together from our lender panel within 24 hours.

Regards,
Matt Lenzie
Construction Capital","The Developer


Re: Filton Clinic Shields Avenue Filton South Gloucestershire BS7 0RR - approved planning application P26/01468/PIP

We noticed the recent approval for the above site and have prepared a short market note covering the planning consent, local sold-price evidence and a high-level senior debt view:
https://constructioncapital.co.uk/news/2026-09-17-p26-01468-pip-filton-planning-approved

Based on the available data, we estimate GDV at £2.0m. At 70% LTGDV, this indicates potential senior debt of around £1.4m, subject to valuation, cost plan, borrower experience and lender underwriting.

Construction Capital arranges senior debt, mezzanine finance and equity/JV funding for UK property developers. If this site is moving toward acquisition or construction, we can provide formal indicative terms from our lender panel within 24 hours.

Yours faithfully,
Matt Lenzie
Construction Capital"
"25/02120/FL","16/09/2026","Tonbridge and Malling Borough Council","primary_consent","kent","tonbridge","Land Between Birchfield And Mid Kent Nurseries Ashes Lane Hadlow Tonbridge Kent","","Construction of three detached dwellings, with associated landscaping alterations","3","1935000","1354500","407500","","","","","","","","","","","","","","https://constructioncapital.co.uk/news/2026-09-16-25-02120-fl-tonbridge-planning-approved","https://publicaccess.tmbc.gov.uk/online-applications/applicationDetails.do?activeTab=summary&keyVal=T7GE8QQHMJO00","407500","1841","-0.6","We wrote up your approved scheme at Land Between Birchfield And Mid Kent Nurseries Ashes Lane Hadlow Tonbridge Kent and modelled high-level senior debt at 70% LTGDV (£1.4m against estimated GDV £1.9m).","Indicative 70% LTGDV funding view for Land Between Birchfield And Mid Kent Nurseries Ashes Lane Hadlow Tonbridge Kent","Hi there,

I saw that Tonbridge and Malling Borough Council approved 25/02120/FL for Land Between Birchfield And Mid Kent Nurseries Ashes Lane Hadlow Tonbridge Kent. We have written a short market note on the site here: https://constructioncapital.co.uk/news/2026-09-16-25-02120-fl-tonbridge-planning-approved

Using local sold-price data, we estimate GDV at £1.9m. At 70% LTGDV, that points to high-level senior debt of around £1.4m, subject to valuation, cost plan, borrower experience and lender underwriting.

If this is a live scheme, I can put proper indicative terms together from our lender panel within 24 hours.

Regards,
Matt Lenzie
Construction Capital","The Developer


Re: Land Between Birchfield And Mid Kent Nurseries Ashes Lane Hadlow Tonbridge Kent - approved planning application 25/02120/FL

We noticed the recent approval for the above site and have prepared a short market note covering the planning consent, local sold-price evidence and a high-level senior debt view:
https://constructioncapital.co.uk/news/2026-09-16-25-02120-fl-tonbridge-planning-approved

Based on the available data, we estimate GDV at £1.9m. At 70% LTGDV, this indicates potential senior debt of around £1.4m, subject to valuation, cost plan, borrower experience and lender underwriting.

Construction Capital arranges senior debt, mezzanine finance and equity/JV funding for UK property developers. If this site is moving toward acquisition or construction, we can provide formal indicative terms from our lender panel within 24 hours.

Yours faithfully,
Matt Lenzie
Construction Capital"
"PL/2026/01334/DIS","14/09/2026","Solihull Metropolitan Borough Council","condition_discharge","west-midlands","solihull","Land To Rear Of Bentley Heath Cottages Tilehouse Green Lane Knowle Solihull","","Discharge of condtions 3 (Materials), 9 (Trees) and 10 (Tree Barriers) of planning permission PL/2024/02781/PPFL dated 12.02.2026 for Residential development of 5 No. one bedroom alms houses, together with associated landscaping and car parking","5","1640000","1148000","328000","","","","","","","","","","","","","","https://constructioncapital.co.uk/news/2026-09-14-pl-2026-01334-dis-solihull-planning-approved","https://publicaccess.solihull.gov.uk/online-applications/applicationDetails.do?activeTab=summary&keyVal=TIGRKKOEL3X00","328000","2911","2.5","We wrote up your approved scheme at Land To Rear Of Bentley Heath Cottages Tilehouse Green Lane Knowle Solihull and modelled high-level senior debt at 70% LTGDV (£1.1m against estimated GDV £1.6m).","Indicative 70% LTGDV funding view for Land To Rear Of Bentley Heath Cottages Tilehouse Green Lane Knowle Solihull","Hi there,

I saw that Solihull Metropolitan Borough Council approved PL/2026/01334/DIS for Land To Rear Of Bentley Heath Cottages Tilehouse Green Lane Knowle Solihull. We have written a short market note on the site here: https://constructioncapital.co.uk/news/2026-09-14-pl-2026-01334-dis-solihull-planning-approved

Using local sold-price data, we estimate GDV at £1.6m. At 70% LTGDV, that points to high-level senior debt of around £1.1m, subject to valuation, cost plan, borrower experience and lender underwriting.

If this is a live scheme, I can put proper indicative terms together from our lender panel within 24 hours.

Regards,
Matt Lenzie
Construction Capital","The Developer


Re: Land To Rear Of Bentley Heath Cottages Tilehouse Green Lane Knowle Solihull - approved planning application PL/2026/01334/DIS

We noticed the recent approval for the above site and have prepared a short market note covering the planning consent, local sold-price evidence and a high-level senior debt view:
https://constructioncapital.co.uk/news/2026-09-14-pl-2026-01334-dis-solihull-planning-approved

Based on the available data, we estimate GDV at £1.6m. At 70% LTGDV, this indicates potential senior debt of around £1.1m, subject to valuation, cost plan, borrower experience and lender underwriting.

Construction Capital arranges senior debt, mezzanine finance and equity/JV funding for UK property developers. If this site is moving toward acquisition or construction, we can provide formal indicative terms from our lender panel within 24 hours.

Yours faithfully,
Matt Lenzie
Construction Capital"
"26/01306/FUL","18/09/2026","Royal Borough of Kingston upon Thames","primary_consent","greater-london","kingston","Fife Road, Opposite No. 4 Kingston Upon Thames KT1 1SZ (E 518056, N 169387)","KT1 1SZ","Removal of an existing telephone Kiosk, and installation of street hub 3 unit","3","1605000","1123500","535000","","","","","","","","","","","","","","https://constructioncapital.co.uk/news/2026-09-18-26-01306-ful-kingston-planning-approved","https://publicaccess.kingston.gov.uk/online-applications/applicationDetails.do?activeTab=summary&keyVal=TGU41INHHI600","535000","1815","0.9","We wrote up your approved scheme at Fife Road, Opposite No. 4 Kingston Upon Thames KT1 1SZ (E 518056, N 169387) and modelled high-level senior debt at 70% LTGDV (£1.1m against estimated GDV £1.6m).","Indicative 70% LTGDV funding view for Fife Road, Opposite No. 4 Kingston Upon Thames KT1 1SZ (E 518056, N 169387)","Hi there,

I saw that Royal Borough of Kingston upon Thames approved 26/01306/FUL for Fife Road, Opposite No. 4 Kingston Upon Thames KT1 1SZ (E 518056, N 169387). We have written a short market note on the site here: https://constructioncapital.co.uk/news/2026-09-18-26-01306-ful-kingston-planning-approved

Using local sold-price data, we estimate GDV at £1.6m. At 70% LTGDV, that points to high-level senior debt of around £1.1m, subject to valuation, cost plan, borrower experience and lender underwriting.

If this is a live scheme, I can put proper indicative terms together from our lender panel within 24 hours.

Regards,
Matt Lenzie
Construction Capital","The Developer


Re: Fife Road, Opposite No. 4 Kingston Upon Thames KT1 1SZ (E 518056, N 169387) - approved planning application 26/01306/FUL

We noticed the recent approval for the above site and have prepared a short market note covering the planning consent, local sold-price evidence and a high-level senior debt view:
https://constructioncapital.co.uk/news/2026-09-18-26-01306-ful-kingston-planning-approved

Based on the available data, we estimate GDV at £1.6m. At 70% LTGDV, this indicates potential senior debt of around £1.1m, subject to valuation, cost plan, borrower experience and lender underwriting.

Construction Capital arranges senior debt, mezzanine finance and equity/JV funding for UK property developers. If this site is moving toward acquisition or construction, we can provide formal indicative terms from our lender panel within 24 hours.

Yours faithfully,
Matt Lenzie
Construction Capital"
"PA25/05237","15/09/2026","Cornwall Council","outline","cornwall","bodmin","Manufacturing Unit Polgoon Farm Rosehill Penzance Cornwall TR20 8TE","TR20 8TE","Outline application for phased residential development of land for up to 6no dwellings including layout, landscape and access.","6","1486500","1040550","247750","","","","","","","","","","","","","","https://constructioncapital.co.uk/news/2026-09-15-pa25-05237-bodmin-planning-approved","https://planning.cornwall.gov.uk/online-applications/applicationDetails.do?activeTab=summary&keyVal=SZ507EFGK9Q00","247750","346","-4.7","We wrote up your approved scheme at Manufacturing Unit Polgoon Farm Rosehill Penzance Cornwall TR20 8TE and modelled high-level senior debt at 70% LTGDV (£1.0m against estimated GDV £1.5m).","Indicative 70% LTGDV funding view for Manufacturing Unit Polgoon Farm Rosehill Penzance Cornwall TR20 8TE","Hi there,

I saw that Cornwall Council approved PA25/05237 for Manufacturing Unit Polgoon Farm Rosehill Penzance Cornwall TR20 8TE. We have written a short market note on the site here: https://constructioncapital.co.uk/news/2026-09-15-pa25-05237-bodmin-planning-approved

Using local sold-price data, we estimate GDV at £1.5m. At 70% LTGDV, that points to high-level senior debt of around £1.0m, subject to valuation, cost plan, borrower experience and lender underwriting.

If this is a live scheme, I can put proper indicative terms together from our lender panel within 24 hours.

Regards,
Matt Lenzie
Construction Capital","The Developer


Re: Manufacturing Unit Polgoon Farm Rosehill Penzance Cornwall TR20 8TE - approved planning application PA25/05237

We noticed the recent approval for the above site and have prepared a short market note covering the planning consent, local sold-price evidence and a high-level senior debt view:
https://constructioncapital.co.uk/news/2026-09-15-pa25-05237-bodmin-planning-approved

Based on the available data, we estimate GDV at £1.5m. At 70% LTGDV, this indicates potential senior debt of around £1.0m, subject to valuation, cost plan, borrower experience and lender underwriting.

Construction Capital arranges senior debt, mezzanine finance and equity/JV funding for UK property developers. If this site is moving toward acquisition or construction, we can provide formal indicative terms from our lender panel within 24 hours.

Yours faithfully,
Matt Lenzie
Construction Capital"
"26/03628/FULL","16/09/2026","Westminster City Council","primary_consent","greater-london","marylebone","23 Meard Street London W1F 0EY","W1F 0EY","Change of use of first, second, third and mezzanine (fourth) floors from office (Class E(g)(i)) to provide two residential dwellings (one x one bedroom flat and one x studio flat) (Class C3).","2","1438000","1006600","822300","","","","","","","","","","","","","","https://constructioncapital.co.uk/news/2026-09-16-26-03628-full-marylebone-planning-approved","https://idoxpa.westminster.gov.uk/online-applications/applicationDetails.do?activeTab=summary&keyVal=TG2B81RPI8G00","822300","2132","-10.6","We wrote up your approved scheme at 23 Meard Street London W1F 0EY and modelled high-level senior debt at 70% LTGDV (£1.0m against estimated GDV £1.4m).","Indicative 70% LTGDV funding view for 23 Meard Street London W1F 0EY","Hi there,

I saw that Westminster City Council approved 26/03628/FULL for 23 Meard Street London W1F 0EY. We have written a short market note on the site here: https://constructioncapital.co.uk/news/2026-09-16-26-03628-full-marylebone-planning-approved

Using local sold-price data, we estimate GDV at £1.4m. At 70% LTGDV, that points to high-level senior debt of around £1.0m, subject to valuation, cost plan, borrower experience and lender underwriting.

If this is a live scheme, I can put proper indicative terms together from our lender panel within 24 hours.

Regards,
Matt Lenzie
Construction Capital","The Developer


Re: 23 Meard Street London W1F 0EY - approved planning application 26/03628/FULL

We noticed the recent approval for the above site and have prepared a short market note covering the planning consent, local sold-price evidence and a high-level senior debt view:
https://constructioncapital.co.uk/news/2026-09-16-26-03628-full-marylebone-planning-approved

Based on the available data, we estimate GDV at £1.4m. At 70% LTGDV, this indicates potential senior debt of around £1.0m, subject to valuation, cost plan, borrower experience and lender underwriting.

Construction Capital arranges senior debt, mezzanine finance and equity/JV funding for UK property developers. If this site is moving toward acquisition or construction, we can provide formal indicative terms from our lender panel within 24 hours.

Yours faithfully,
Matt Lenzie
Construction Capital"
"26/01409/FULLN","18/09/2026","Test Valley Borough Council","primary_consent","hampshire","andover","Land Adjacent 11 Ox Drove Picket Piece Andover Hampshire SP11 6ND","SP11 6ND","Erection of 4 residential dwellings with associated access, parking, landscaping, infrastructure and works (Phase 2)","4","1420000","994000","355000","","","","","","","","","","","","","","https://constructioncapital.co.uk/news/2026-09-18-26-01409-fulln-andover-planning-approved","https://view-applications.testvalley.gov.uk/online-applications/applicationDetails.do?activeTab=summary&keyVal=THG9WIQCM7900","355000","1820","-2.7","We wrote up your approved scheme at Land Adjacent 11 Ox Drove Picket Piece Andover Hampshire SP11 6ND and modelled high-level senior debt at 70% LTGDV (£994k against estimated GDV £1.4m).","Indicative 70% LTGDV funding view for Land Adjacent 11 Ox Drove Picket Piece Andover Hampshire SP11 6ND","Hi there,

I saw that Test Valley Borough Council approved 26/01409/FULLN for Land Adjacent 11 Ox Drove Picket Piece Andover Hampshire SP11 6ND. We have written a short market note on the site here: https://constructioncapital.co.uk/news/2026-09-18-26-01409-fulln-andover-planning-approved

Using local sold-price data, we estimate GDV at £1.4m. At 70% LTGDV, that points to high-level senior debt of around £994k, subject to valuation, cost plan, borrower experience and lender underwriting.

If this is a live scheme, I can put proper indicative terms together from our lender panel within 24 hours.

Regards,
Matt Lenzie
Construction Capital","The Developer


Re: Land Adjacent 11 Ox Drove Picket Piece Andover Hampshire SP11 6ND - approved planning application 26/01409/FULLN

We noticed the recent approval for the above site and have prepared a short market note covering the planning consent, local sold-price evidence and a high-level senior debt view:
https://constructioncapital.co.uk/news/2026-09-18-26-01409-fulln-andover-planning-approved

Based on the available data, we estimate GDV at £1.4m. At 70% LTGDV, this indicates potential senior debt of around £994k, subject to valuation, cost plan, borrower experience and lender underwriting.

Construction Capital arranges senior debt, mezzanine finance and equity/JV funding for UK property developers. If this site is moving toward acquisition or construction, we can provide formal indicative terms from our lender panel within 24 hours.

Yours faithfully,
Matt Lenzie
Construction Capital"
"26/00338/FULL","17/09/2026","Mid Devon District Council","primary_consent","devon","tiverton","Former Chilton Gate Kennels Cadeleigh Devon","","Redevelopment of former animal rescue centre to 5 dwellings","5","1375000","962500","275000","","","","","","","","","","","","","","https://constructioncapital.co.uk/news/2026-09-17-26-00338-full-tiverton-planning-approved","https://planning.middevon.gov.uk/online-applications/applicationDetails.do?activeTab=summary&keyVal=TBBYOMKS04G00","275000","1146","-7.7","We wrote up your approved scheme at Former Chilton Gate Kennels Cadeleigh Devon and modelled high-level senior debt at 70% LTGDV (£963k against estimated GDV £1.4m).","Indicative 70% LTGDV funding view for Former Chilton Gate Kennels Cadeleigh Devon","Hi there,

I saw that Mid Devon District Council approved 26/00338/FULL for Former Chilton Gate Kennels Cadeleigh Devon. We have written a short market note on the site here: https://constructioncapital.co.uk/news/2026-09-17-26-00338-full-tiverton-planning-approved

Using local sold-price data, we estimate GDV at £1.4m. At 70% LTGDV, that points to high-level senior debt of around £963k, subject to valuation, cost plan, borrower experience and lender underwriting.

If this is a live scheme, I can put proper indicative terms together from our lender panel within 24 hours.

Regards,
Matt Lenzie
Construction Capital","The Developer


Re: Former Chilton Gate Kennels Cadeleigh Devon - approved planning application 26/00338/FULL

We noticed the recent approval for the above site and have prepared a short market note covering the planning consent, local sold-price evidence and a high-level senior debt view:
https://constructioncapital.co.uk/news/2026-09-17-26-00338-full-tiverton-planning-approved

Based on the available data, we estimate GDV at £1.4m. At 70% LTGDV, this indicates potential senior debt of around £963k, subject to valuation, cost plan, borrower experience and lender underwriting.

Construction Capital arranges senior debt, mezzanine finance and equity/JV funding for UK property developers. If this site is moving toward acquisition or construction, we can provide formal indicative terms from our lender panel within 24 hours.

Yours faithfully,
Matt Lenzie
Construction Capital"
"26/00481/FUL","16/09/2026","London Borough of Croydon","primary_consent","greater-london","croydon","Sapphire Apartments 72 Lower Addiscombe Road Croydon CR0 6AB","CR0 6AB","Erection of roof extensions and mansard third floor to existing building and outbuilding, linked by a two-storey bridge, to provide 5 additional self-contained flats; reconfiguration of Flats 2, 10 and 11; provision of communal roof terrace, play area, cycle and refuse storage; associated landscaping and external alterations (car-free).","5","1337500","936250","415000","","","","","","","","","","","","","","https://constructioncapital.co.uk/news/2026-09-16-26-00481-ful-croydon-planning-approved","https://publicaccess3.croydon.gov.uk/online-applications/applicationDetails.do?activeTab=summary&keyVal=TALET9JLLWQ00","415000","4171","2.5","We wrote up your approved scheme at Sapphire Apartments 72 Lower Addiscombe Road Croydon CR0 6AB and modelled high-level senior debt at 70% LTGDV (£936k against estimated GDV £1.3m).","Indicative 70% LTGDV funding view for Sapphire Apartments 72 Lower Addiscombe Road Croydon CR0 6AB","Hi there,

I saw that London Borough of Croydon approved 26/00481/FUL for Sapphire Apartments 72 Lower Addiscombe Road Croydon CR0 6AB. We have written a short market note on the site here: https://constructioncapital.co.uk/news/2026-09-16-26-00481-ful-croydon-planning-approved

Using local sold-price data, we estimate GDV at £1.3m. At 70% LTGDV, that points to high-level senior debt of around £936k, subject to valuation, cost plan, borrower experience and lender underwriting.

If this is a live scheme, I can put proper indicative terms together from our lender panel within 24 hours.

Regards,
Matt Lenzie
Construction Capital","The Developer


Re: Sapphire Apartments 72 Lower Addiscombe Road Croydon CR0 6AB - approved planning application 26/00481/FUL

We noticed the recent approval for the above site and have prepared a short market note covering the planning consent, local sold-price evidence and a high-level senior debt view:
https://constructioncapital.co.uk/news/2026-09-16-26-00481-ful-croydon-planning-approved

Based on the available data, we estimate GDV at £1.3m. At 70% LTGDV, this indicates potential senior debt of around £936k, subject to valuation, cost plan, borrower experience and lender underwriting.

Construction Capital arranges senior debt, mezzanine finance and equity/JV funding for UK property developers. If this site is moving toward acquisition or construction, we can provide formal indicative terms from our lender panel within 24 hours.

Yours faithfully,
Matt Lenzie
Construction Capital"
"26/01313/FUL","18/09/2026","Cheltenham Borough Council","primary_consent","gloucestershire","cheltenham","The Clarks Shop 191 High Street Cheltenham Gloucestershire GL50 1DE","GL50 1DE","Proposed installation of 4No external AC condensing unit.","4","1284000","898800","321000","","","","","","","","","","","","","","https://constructioncapital.co.uk/news/2026-09-18-26-01313-ful-cheltenham-planning-approved","https://publicaccess.cheltenham.gov.uk/online-applications/applicationDetails.do?activeTab=summary&keyVal=TJRARVELLLC00","321000","2031","1.1","We wrote up your approved scheme at The Clarks Shop 191 High Street Cheltenham Gloucestershire GL50 1DE and modelled high-level senior debt at 70% LTGDV (£899k against estimated GDV £1.3m).","Indicative 70% LTGDV funding view for The Clarks Shop 191 High Street Cheltenham Gloucestershire GL50 1DE","Hi there,

I saw that Cheltenham Borough Council approved 26/01313/FUL for The Clarks Shop 191 High Street Cheltenham Gloucestershire GL50 1DE. We have written a short market note on the site here: https://constructioncapital.co.uk/news/2026-09-18-26-01313-ful-cheltenham-planning-approved

Using local sold-price data, we estimate GDV at £1.3m. At 70% LTGDV, that points to high-level senior debt of around £899k, subject to valuation, cost plan, borrower experience and lender underwriting.

If this is a live scheme, I can put proper indicative terms together from our lender panel within 24 hours.

Regards,
Matt Lenzie
Construction Capital","The Developer


Re: The Clarks Shop 191 High Street Cheltenham Gloucestershire GL50 1DE - approved planning application 26/01313/FUL

We noticed the recent approval for the above site and have prepared a short market note covering the planning consent, local sold-price evidence and a high-level senior debt view:
https://constructioncapital.co.uk/news/2026-09-18-26-01313-ful-cheltenham-planning-approved

Based on the available data, we estimate GDV at £1.3m. At 70% LTGDV, this indicates potential senior debt of around £899k, subject to valuation, cost plan, borrower experience and lender underwriting.

Construction Capital arranges senior debt, mezzanine finance and equity/JV funding for UK property developers. If this site is moving toward acquisition or construction, we can provide formal indicative terms from our lender panel within 24 hours.

Yours faithfully,
Matt Lenzie
Construction Capital"
"PA26/04461","17/09/2026","Cornwall Council","primary_consent","cornwall","bodmin","Land West Of Milsrof Eglos Road Ludgvan Penzance Cornwall TR20 8HG","TR20 8HG","Permission in Principle for the construction of up to 5 dwellings (minimum 5, maximum 5)","5","1238750","867125","247750","","","","","","","","","","","","","","https://constructioncapital.co.uk/news/2026-09-17-pa26-04461-bodmin-planning-approved","https://planning.cornwall.gov.uk/online-applications/applicationDetails.do?activeTab=summary&keyVal=TH8EGPFG0CQ00","247750","346","-4.7","We wrote up your approved scheme at Land West Of Milsrof Eglos Road Ludgvan Penzance Cornwall TR20 8HG and modelled high-level senior debt at 70% LTGDV (£867k against estimated GDV £1.2m).","Indicative 70% LTGDV funding view for Land West Of Milsrof Eglos Road Ludgvan Penzance Cornwall TR20 8HG","Hi there,

I saw that Cornwall Council approved PA26/04461 for Land West Of Milsrof Eglos Road Ludgvan Penzance Cornwall TR20 8HG. We have written a short market note on the site here: https://constructioncapital.co.uk/news/2026-09-17-pa26-04461-bodmin-planning-approved

Using local sold-price data, we estimate GDV at £1.2m. At 70% LTGDV, that points to high-level senior debt of around £867k, subject to valuation, cost plan, borrower experience and lender underwriting.

If this is a live scheme, I can put proper indicative terms together from our lender panel within 24 hours.

Regards,
Matt Lenzie
Construction Capital","The Developer


Re: Land West Of Milsrof Eglos Road Ludgvan Penzance Cornwall TR20 8HG - approved planning application PA26/04461

We noticed the recent approval for the above site and have prepared a short market note covering the planning consent, local sold-price evidence and a high-level senior debt view:
https://constructioncapital.co.uk/news/2026-09-17-pa26-04461-bodmin-planning-approved

Based on the available data, we estimate GDV at £1.2m. At 70% LTGDV, this indicates potential senior debt of around £867k, subject to valuation, cost plan, borrower experience and lender underwriting.

Construction Capital arranges senior debt, mezzanine finance and equity/JV funding for UK property developers. If this site is moving toward acquisition or construction, we can provide formal indicative terms from our lender panel within 24 hours.

Yours faithfully,
Matt Lenzie
Construction Capital"
"PA25/09628","14/09/2026","Cornwall Council","primary_consent","cornwall","bodmin","Land Adjacent Penhallow Bridge Constantine Falmouth TR11 5AL","TR11 5AL","Application for Technical Details Consent (TDC) for 5 dwellings, including 1 self-build dwelling, following Permission in Principle approval PA24/06533 dated 07.11.2025","5","1238750","867125","247750","","","","","","","","","","","","","","https://constructioncapital.co.uk/news/2026-09-14-pa25-09628-bodmin-planning-approved","https://planning.cornwall.gov.uk/online-applications/applicationDetails.do?activeTab=summary&keyVal=T7O60ZFGLGH00","247750","346","-4.7","We wrote up your approved scheme at Land Adjacent Penhallow Bridge Constantine Falmouth TR11 5AL and modelled high-level senior debt at 70% LTGDV (£867k against estimated GDV £1.2m).","Indicative 70% LTGDV funding view for Land Adjacent Penhallow Bridge Constantine Falmouth TR11 5AL","Hi there,

I saw that Cornwall Council approved PA25/09628 for Land Adjacent Penhallow Bridge Constantine Falmouth TR11 5AL. We have written a short market note on the site here: https://constructioncapital.co.uk/news/2026-09-14-pa25-09628-bodmin-planning-approved

Using local sold-price data, we estimate GDV at £1.2m. At 70% LTGDV, that points to high-level senior debt of around £867k, subject to valuation, cost plan, borrower experience and lender underwriting.

If this is a live scheme, I can put proper indicative terms together from our lender panel within 24 hours.

Regards,
Matt Lenzie
Construction Capital","The Developer


Re: Land Adjacent Penhallow Bridge Constantine Falmouth TR11 5AL - approved planning application PA25/09628

We noticed the recent approval for the above site and have prepared a short market note covering the planning consent, local sold-price evidence and a high-level senior debt view:
https://constructioncapital.co.uk/news/2026-09-14-pa25-09628-bodmin-planning-approved

Based on the available data, we estimate GDV at £1.2m. At 70% LTGDV, this indicates potential senior debt of around £867k, subject to valuation, cost plan, borrower experience and lender underwriting.

Construction Capital arranges senior debt, mezzanine finance and equity/JV funding for UK property developers. If this site is moving toward acquisition or construction, we can provide formal indicative terms from our lender panel within 24 hours.

Yours faithfully,
Matt Lenzie
Construction Capital"
"26/00771/FUL","17/09/2026","Bromsgrove & Redditch Councils","primary_consent","worcestershire","bromsgrove","Church Green House 23 Church Green East Redditch Worcestershire B98 8DG","B98 8DG","Conversion of former Nat West Bank building to 8 residential flats and two retail units","8","1224000","856800","335000","","","","","","","","","","","","","","https://constructioncapital.co.uk/news/2026-09-17-26-00771-ful-bromsgrove-planning-approved","https://publicaccess.bromsgroveandredditch.gov.uk/online-applications/applicationDetails.do?activeTab=summary&keyVal=THE3Y5SELJR00","335000","1284","-1.5","We wrote up your approved scheme at Church Green House 23 Church Green East Redditch Worcestershire B98 8DG and modelled high-level senior debt at 70% LTGDV (£857k against estimated GDV £1.2m).","Indicative 70% LTGDV funding view for Church Green House 23 Church Green East Redditch Worcestershire B98 8DG","Hi there,

I saw that Bromsgrove & Redditch Councils approved 26/00771/FUL for Church Green House 23 Church Green East Redditch Worcestershire B98 8DG. We have written a short market note on the site here: https://constructioncapital.co.uk/news/2026-09-17-26-00771-ful-bromsgrove-planning-approved

Using local sold-price data, we estimate GDV at £1.2m. At 70% LTGDV, that points to high-level senior debt of around £857k, subject to valuation, cost plan, borrower experience and lender underwriting.

If this is a live scheme, I can put proper indicative terms together from our lender panel within 24 hours.

Regards,
Matt Lenzie
Construction Capital","The Developer


Re: Church Green House 23 Church Green East Redditch Worcestershire B98 8DG - approved planning application 26/00771/FUL

We noticed the recent approval for the above site and have prepared a short market note covering the planning consent, local sold-price evidence and a high-level senior debt view:
https://constructioncapital.co.uk/news/2026-09-17-26-00771-ful-bromsgrove-planning-approved

Based on the available data, we estimate GDV at £1.2m. At 70% LTGDV, this indicates potential senior debt of around £857k, subject to valuation, cost plan, borrower experience and lender underwriting.

Construction Capital arranges senior debt, mezzanine finance and equity/JV funding for UK property developers. If this site is moving toward acquisition or construction, we can provide formal indicative terms from our lender panel within 24 hours.

Yours faithfully,
Matt Lenzie
Construction Capital"
"26/00772/LBC","17/09/2026","Bromsgrove & Redditch Councils","primary_consent","worcestershire","bromsgrove","Church Green House 23 Church Green East Redditch Worcestershire B98 8DG","B98 8DG","Conversion of former Nat West Bank building to 8 residential flats and two retail units","8","1224000","856800","335000","","","","","","","","","","","","","","https://constructioncapital.co.uk/news/2026-09-17-26-00772-lbc-bromsgrove-planning-approved","https://publicaccess.bromsgroveandredditch.gov.uk/online-applications/applicationDetails.do?activeTab=summary&keyVal=THE3Y6SELJS00","335000","1284","-1.5","We wrote up your approved scheme at Church Green House 23 Church Green East Redditch Worcestershire B98 8DG and modelled high-level senior debt at 70% LTGDV (£857k against estimated GDV £1.2m).","Indicative 70% LTGDV funding view for Church Green House 23 Church Green East Redditch Worcestershire B98 8DG","Hi there,

I saw that Bromsgrove & Redditch Councils approved 26/00772/LBC for Church Green House 23 Church Green East Redditch Worcestershire B98 8DG. We have written a short market note on the site here: https://constructioncapital.co.uk/news/2026-09-17-26-00772-lbc-bromsgrove-planning-approved

Using local sold-price data, we estimate GDV at £1.2m. At 70% LTGDV, that points to high-level senior debt of around £857k, subject to valuation, cost plan, borrower experience and lender underwriting.

If this is a live scheme, I can put proper indicative terms together from our lender panel within 24 hours.

Regards,
Matt Lenzie
Construction Capital","The Developer


Re: Church Green House 23 Church Green East Redditch Worcestershire B98 8DG - approved planning application 26/00772/LBC

We noticed the recent approval for the above site and have prepared a short market note covering the planning consent, local sold-price evidence and a high-level senior debt view:
https://constructioncapital.co.uk/news/2026-09-17-26-00772-lbc-bromsgrove-planning-approved

Based on the available data, we estimate GDV at £1.2m. At 70% LTGDV, this indicates potential senior debt of around £857k, subject to valuation, cost plan, borrower experience and lender underwriting.

Construction Capital arranges senior debt, mezzanine finance and equity/JV funding for UK property developers. If this site is moving toward acquisition or construction, we can provide formal indicative terms from our lender panel within 24 hours.

Yours faithfully,
Matt Lenzie
Construction Capital"
"PL/2026/00905/PPFL","14/09/2026","Solihull Metropolitan Borough Council","primary_consent","west-midlands","solihull","35 Olton Road Shirley Solihull B90 3NF","B90 3NF","Erect 2 No. detached bungalows and single garage.","2","1180000","826000","328000","","","","","","","","","","","","","","https://constructioncapital.co.uk/news/2026-09-14-pl-2026-00905-ppfl-solihull-planning-approved","https://publicaccess.solihull.gov.uk/online-applications/applicationDetails.do?activeTab=summary&keyVal=TEVQ39OEJL400","328000","2911","2.5","We wrote up your approved scheme at 35 Olton Road Shirley Solihull B90 3NF and modelled high-level senior debt at 70% LTGDV (£826k against estimated GDV £1.2m).","Indicative 70% LTGDV funding view for 35 Olton Road Shirley Solihull B90 3NF","Hi there,

I saw that Solihull Metropolitan Borough Council approved PL/2026/00905/PPFL for 35 Olton Road Shirley Solihull B90 3NF. We have written a short market note on the site here: https://constructioncapital.co.uk/news/2026-09-14-pl-2026-00905-ppfl-solihull-planning-approved

Using local sold-price data, we estimate GDV at £1.2m. At 70% LTGDV, that points to high-level senior debt of around £826k, subject to valuation, cost plan, borrower experience and lender underwriting.

If this is a live scheme, I can put proper indicative terms together from our lender panel within 24 hours.

Regards,
Matt Lenzie
Construction Capital","The Developer


Re: 35 Olton Road Shirley Solihull B90 3NF - approved planning application PL/2026/00905/PPFL

We noticed the recent approval for the above site and have prepared a short market note covering the planning consent, local sold-price evidence and a high-level senior debt view:
https://constructioncapital.co.uk/news/2026-09-14-pl-2026-00905-ppfl-solihull-planning-approved

Based on the available data, we estimate GDV at £1.2m. At 70% LTGDV, this indicates potential senior debt of around £826k, subject to valuation, cost plan, borrower experience and lender underwriting.

Construction Capital arranges senior debt, mezzanine finance and equity/JV funding for UK property developers. If this site is moving toward acquisition or construction, we can provide formal indicative terms from our lender panel within 24 hours.

Yours faithfully,
Matt Lenzie
Construction Capital"
"26/1777","18/09/2026","London Borough of Brent","primary_consent","greater-london","wembley","78 Ealing Road, Wembley, HA0 4TH","HA0 4TH","Proposed conversion of single dwellinghouse into 3x self-contained flats with demolition of exist...","3","1139835","797885","520000","","","","","","","","","","","","","","https://constructioncapital.co.uk/news/2026-09-18-26-1777-wembley-planning-approved","https://pa.brent.gov.uk/online-applications/applicationDetails.do?activeTab=summary&keyVal=DCAPR_178060","520000","2087","-1.5","We wrote up your approved scheme at 78 Ealing Road, Wembley, HA0 4TH and modelled high-level senior debt at 70% LTGDV (£798k against estimated GDV £1.1m).","Indicative 70% LTGDV funding view for 78 Ealing Road, Wembley, HA0 4TH","Hi there,

I saw that London Borough of Brent approved 26/1777 for 78 Ealing Road, Wembley, HA0 4TH. We have written a short market note on the site here: https://constructioncapital.co.uk/news/2026-09-18-26-1777-wembley-planning-approved

Using local sold-price data, we estimate GDV at £1.1m. At 70% LTGDV, that points to high-level senior debt of around £798k, subject to valuation, cost plan, borrower experience and lender underwriting.

If this is a live scheme, I can put proper indicative terms together from our lender panel within 24 hours.

Regards,
Matt Lenzie
Construction Capital","The Developer


Re: 78 Ealing Road, Wembley, HA0 4TH - approved planning application 26/1777

We noticed the recent approval for the above site and have prepared a short market note covering the planning consent, local sold-price evidence and a high-level senior debt view:
https://constructioncapital.co.uk/news/2026-09-18-26-1777-wembley-planning-approved

Based on the available data, we estimate GDV at £1.1m. At 70% LTGDV, this indicates potential senior debt of around £798k, subject to valuation, cost plan, borrower experience and lender underwriting.

Construction Capital arranges senior debt, mezzanine finance and equity/JV funding for UK property developers. If this site is moving toward acquisition or construction, we can provide formal indicative terms from our lender panel within 24 hours.

Yours faithfully,
Matt Lenzie
Construction Capital"
"26/00551/FUL","18/09/2026","Thurrock Council","primary_consent","essex","grays","Land Adjacent Silverside Vange Park Road Vange Essex","","The erection of three self-build bungalows with associated access, parking, landscaping and highway works","3","1050000","735000","350000","","","","","","","","","","","","","","https://constructioncapital.co.uk/news/2026-09-18-26-00551-ful-grays-planning-approved","https://regs.thurrock.gov.uk/online-applications/applicationDetails.do?activeTab=summary&keyVal=TF9U55QGJ2Y00","350000","1979","0","We wrote up your approved scheme at Land Adjacent Silverside Vange Park Road Vange Essex and modelled high-level senior debt at 70% LTGDV (£735k against estimated GDV £1.1m).","Indicative 70% LTGDV funding view for Land Adjacent Silverside Vange Park Road Vange Essex","Hi there,

I saw that Thurrock Council approved 26/00551/FUL for Land Adjacent Silverside Vange Park Road Vange Essex. We have written a short market note on the site here: https://constructioncapital.co.uk/news/2026-09-18-26-00551-ful-grays-planning-approved

Using local sold-price data, we estimate GDV at £1.1m. At 70% LTGDV, that points to high-level senior debt of around £735k, subject to valuation, cost plan, borrower experience and lender underwriting.

If this is a live scheme, I can put proper indicative terms together from our lender panel within 24 hours.

Regards,
Matt Lenzie
Construction Capital","The Developer


Re: Land Adjacent Silverside Vange Park Road Vange Essex - approved planning application 26/00551/FUL

We noticed the recent approval for the above site and have prepared a short market note covering the planning consent, local sold-price evidence and a high-level senior debt view:
https://constructioncapital.co.uk/news/2026-09-18-26-00551-ful-grays-planning-approved

Based on the available data, we estimate GDV at £1.1m. At 70% LTGDV, this indicates potential senior debt of around £735k, subject to valuation, cost plan, borrower experience and lender underwriting.

Construction Capital arranges senior debt, mezzanine finance and equity/JV funding for UK property developers. If this site is moving toward acquisition or construction, we can provide formal indicative terms from our lender panel within 24 hours.

Yours faithfully,
Matt Lenzie
Construction Capital"
"25/02844/FUL","17/09/2026","Royal Borough of Kingston upon Thames","primary_consent","greater-london","kingston","3 Ellingham Road Chessington KT9 2JA","KT9 2JA","Demolition of detached garage and erection of two storey side and single storey rear extensions to facilitate the change of use from dwellinghouse (Use Class C3) to 7-bed HMO (Use Class Sui Generis)","1","996500","697550","535000","","","","","","","","","","","","","","https://constructioncapital.co.uk/news/2026-09-17-25-02844-ful-kingston-planning-approved","https://publicaccess.kingston.gov.uk/online-applications/applicationDetails.do?activeTab=summary&keyVal=T55TI9NHKLT00","535000","1815","0.9","We wrote up your approved scheme at 3 Ellingham Road Chessington KT9 2JA and modelled high-level senior debt at 70% LTGDV (£698k against estimated GDV £997k).","Indicative 70% LTGDV funding view for 3 Ellingham Road Chessington KT9 2JA","Hi there,

I saw that Royal Borough of Kingston upon Thames approved 25/02844/FUL for 3 Ellingham Road Chessington KT9 2JA. We have written a short market note on the site here: https://constructioncapital.co.uk/news/2026-09-17-25-02844-ful-kingston-planning-approved

Using local sold-price data, we estimate GDV at £997k. At 70% LTGDV, that points to high-level senior debt of around £698k, subject to valuation, cost plan, borrower experience and lender underwriting.

If this is a live scheme, I can put proper indicative terms together from our lender panel within 24 hours.

Regards,
Matt Lenzie
Construction Capital","The Developer


Re: 3 Ellingham Road Chessington KT9 2JA - approved planning application 25/02844/FUL

We noticed the recent approval for the above site and have prepared a short market note covering the planning consent, local sold-price evidence and a high-level senior debt view:
https://constructioncapital.co.uk/news/2026-09-17-25-02844-ful-kingston-planning-approved

Based on the available data, we estimate GDV at £997k. At 70% LTGDV, this indicates potential senior debt of around £698k, subject to valuation, cost plan, borrower experience and lender underwriting.

Construction Capital arranges senior debt, mezzanine finance and equity/JV funding for UK property developers. If this site is moving toward acquisition or construction, we can provide formal indicative terms from our lender panel within 24 hours.

Yours faithfully,
Matt Lenzie
Construction Capital"
"PA26/04751","16/09/2026","Cornwall Council","primary_consent","cornwall","bodmin","Thatched Cottage Treninnick Newquay Cornwall TR7 2LQ","TR7 2LQ","Demolition of Existing Dwelling and Erection of Four Dwellings (One Replacement).","4","991000","693700","247750","","","","","","","","","","","","","","https://constructioncapital.co.uk/news/2026-09-16-pa26-04751-bodmin-planning-approved","https://planning.cornwall.gov.uk/online-applications/applicationDetails.do?activeTab=summary&keyVal=THUTJGFGIW900","247750","346","-4.7","We wrote up your approved scheme at Thatched Cottage Treninnick Newquay Cornwall TR7 2LQ and modelled high-level senior debt at 70% LTGDV (£694k against estimated GDV £991k).","Indicative 70% LTGDV funding view for Thatched Cottage Treninnick Newquay Cornwall TR7 2LQ","Hi there,

I saw that Cornwall Council approved PA26/04751 for Thatched Cottage Treninnick Newquay Cornwall TR7 2LQ. We have written a short market note on the site here: https://constructioncapital.co.uk/news/2026-09-16-pa26-04751-bodmin-planning-approved

Using local sold-price data, we estimate GDV at £991k. At 70% LTGDV, that points to high-level senior debt of around £694k, subject to valuation, cost plan, borrower experience and lender underwriting.

If this is a live scheme, I can put proper indicative terms together from our lender panel within 24 hours.

Regards,
Matt Lenzie
Construction Capital","The Developer


Re: Thatched Cottage Treninnick Newquay Cornwall TR7 2LQ - approved planning application PA26/04751

We noticed the recent approval for the above site and have prepared a short market note covering the planning consent, local sold-price evidence and a high-level senior debt view:
https://constructioncapital.co.uk/news/2026-09-16-pa26-04751-bodmin-planning-approved

Based on the available data, we estimate GDV at £991k. At 70% LTGDV, this indicates potential senior debt of around £694k, subject to valuation, cost plan, borrower experience and lender underwriting.

Construction Capital arranges senior debt, mezzanine finance and equity/JV funding for UK property developers. If this site is moving toward acquisition or construction, we can provide formal indicative terms from our lender panel within 24 hours.

Yours faithfully,
Matt Lenzie
Construction Capital"
"PL/2026/0183","18/09/2026","Rochdale Borough Council","primary_consent","greater-manchester","rochdale","1, Summer Street, Rochdale, OL16 1SY","OL16 1SY","Erection of a new industrial building, subdivided into five separate units (Use Class E(g)(iii) with associated car parking, landscaping and bin storage area","5","975000","682500","195000","Mrs Shagufta Hasan","","Mr Parminder Syan","","","","","","","","","","","https://constructioncapital.co.uk/news/2026-09-18-pl-2026-0183-rochdale-planning-approved","https://account.rochdale.gov.uk/pr/s/detail/a0rSl00000iZBpyIAG?c__r=Arcus_BE_Public_Register","195000","2798","0.5","We wrote up your approved scheme at 1, Summer Street, Rochdale, OL16 1SY and modelled high-level senior debt at 70% LTGDV (£683k against estimated GDV £975k).","Indicative 70% LTGDV funding view for 1, Summer Street, Rochdale, OL16 1SY","Hi Mrs Shagufta Hasan,

I saw that Rochdale Borough Council approved PL/2026/0183 for 1, Summer Street, Rochdale, OL16 1SY. We have written a short market note on the site here: https://constructioncapital.co.uk/news/2026-09-18-pl-2026-0183-rochdale-planning-approved

Using local sold-price data, we estimate GDV at £975k. At 70% LTGDV, that points to high-level senior debt of around £683k, subject to valuation, cost plan, borrower experience and lender underwriting.

If this is a live scheme, I can put proper indicative terms together from our lender panel within 24 hours.

Regards,
Matt Lenzie
Construction Capital","Mrs Shagufta Hasan


Re: 1, Summer Street, Rochdale, OL16 1SY - approved planning application PL/2026/0183

We noticed the recent approval for the above site and have prepared a short market note covering the planning consent, local sold-price evidence and a high-level senior debt view:
https://constructioncapital.co.uk/news/2026-09-18-pl-2026-0183-rochdale-planning-approved

Based on the available data, we estimate GDV at £975k. At 70% LTGDV, this indicates potential senior debt of around £683k, subject to valuation, cost plan, borrower experience and lender underwriting.

Construction Capital arranges senior debt, mezzanine finance and equity/JV funding for UK property developers. If this site is moving toward acquisition or construction, we can provide formal indicative terms from our lender panel within 24 hours.

Yours faithfully,
Matt Lenzie
Construction Capital"
"25/AP/0256","16/09/2026","London Borough of Southwark","primary_consent","greater-london","bermondsey","First Floor And Second Floor Flat 24 Bromar Road London Southwark SE5 8DL","SE5 8DL","Conversion of building from 2 flats to 3 flats, following construction of extensions granted under planning permission 24/AP/2954 of: Flat A - construction of a single storey side and rear extension. Flat B - construction of a first-floor roof terrace with obscure glazed balustrade, second floor rear extension and obscure glazed balustrade to existing second floor roof terrace, and construction of a rear roof dormer extension at roof level, loft conversion including the installation 2no. rooflights to the front roof slope.","2","900000","630000","518000","","","","","","","","","","","","","","https://constructioncapital.co.uk/news/2026-09-16-25-ap-0256-bermondsey-planning-approved","https://planning.southwark.gov.uk/online-applications/applicationDetails.do?activeTab=summary&keyVal=SQWKW8KBHCO00","518000","2933","-4.1","We wrote up your approved scheme at First Floor And Second Floor Flat 24 Bromar Road London Southwark SE5 8DL and modelled high-level senior debt at 70% LTGDV (£630k against estimated GDV £900k).","Indicative 70% LTGDV funding view for First Floor And Second Floor Flat 24 Bromar Road London Southwark SE5 8DL","Hi there,

I saw that London Borough of Southwark approved 25/AP/0256 for First Floor And Second Floor Flat 24 Bromar Road London Southwark SE5 8DL. We have written a short market note on the site here: https://constructioncapital.co.uk/news/2026-09-16-25-ap-0256-bermondsey-planning-approved

Using local sold-price data, we estimate GDV at £900k. At 70% LTGDV, that points to high-level senior debt of around £630k, subject to valuation, cost plan, borrower experience and lender underwriting.

If this is a live scheme, I can put proper indicative terms together from our lender panel within 24 hours.

Regards,
Matt Lenzie
Construction Capital","The Developer


Re: First Floor And Second Floor Flat 24 Bromar Road London Southwark SE5 8DL - approved planning application 25/AP/0256

We noticed the recent approval for the above site and have prepared a short market note covering the planning consent, local sold-price evidence and a high-level senior debt view:
https://constructioncapital.co.uk/news/2026-09-16-25-ap-0256-bermondsey-planning-approved

Based on the available data, we estimate GDV at £900k. At 70% LTGDV, this indicates potential senior debt of around £630k, subject to valuation, cost plan, borrower experience and lender underwriting.

Construction Capital arranges senior debt, mezzanine finance and equity/JV funding for UK property developers. If this site is moving toward acquisition or construction, we can provide formal indicative terms from our lender panel within 24 hours.

Yours faithfully,
Matt Lenzie
Construction Capital"
"3/26/1136/PIP","16/09/2026","East Hertfordshire District Council","primary_consent","hertfordshire","bishops-stortford","Cole Green Farm West Street Hertford Hertfordshire SG13 8EZ","SG13 8EZ","Conversion of barn and workshop (buildings A and D) to form two dwellings with air source heat pumps, removal of mobile home and outbuildings (buildings B, C and E), provision of access, new gardens, landscaping and associated works.","2","900000","630000","450000","","","","","","","","","","","","","","https://constructioncapital.co.uk/news/2026-09-16-3-26-1136-pip-bishops-stortford-planning-approved","https://publicaccess.eastherts.gov.uk/online-applications/applicationDetails.do?activeTab=summary&keyVal=TJNW4LGL0CH00","450000","2144","1.1","We wrote up your approved scheme at Cole Green Farm West Street Hertford Hertfordshire SG13 8EZ and modelled high-level senior debt at 70% LTGDV (£630k against estimated GDV £900k).","Indicative 70% LTGDV funding view for Cole Green Farm West Street Hertford Hertfordshire SG13 8EZ","Hi there,

I saw that East Hertfordshire District Council approved 3/26/1136/PIP for Cole Green Farm West Street Hertford Hertfordshire SG13 8EZ. We have written a short market note on the site here: https://constructioncapital.co.uk/news/2026-09-16-3-26-1136-pip-bishops-stortford-planning-approved

Using local sold-price data, we estimate GDV at £900k. At 70% LTGDV, that points to high-level senior debt of around £630k, subject to valuation, cost plan, borrower experience and lender underwriting.

If this is a live scheme, I can put proper indicative terms together from our lender panel within 24 hours.

Regards,
Matt Lenzie
Construction Capital","The Developer


Re: Cole Green Farm West Street Hertford Hertfordshire SG13 8EZ - approved planning application 3/26/1136/PIP

We noticed the recent approval for the above site and have prepared a short market note covering the planning consent, local sold-price evidence and a high-level senior debt view:
https://constructioncapital.co.uk/news/2026-09-16-3-26-1136-pip-bishops-stortford-planning-approved

Based on the available data, we estimate GDV at £900k. At 70% LTGDV, this indicates potential senior debt of around £630k, subject to valuation, cost plan, borrower experience and lender underwriting.

Construction Capital arranges senior debt, mezzanine finance and equity/JV funding for UK property developers. If this site is moving toward acquisition or construction, we can provide formal indicative terms from our lender panel within 24 hours.

Yours faithfully,
Matt Lenzie
Construction Capital"
"HGY/2026/1287","18/09/2026","Haringey Council","primary_consent","greater-london","tottenham","5 Radley Road Tottenham London N17 6RH","N17 6RH","Demolition of existing rear infill lean-to extension, the erection of a new single-storey rear extension and the conversion of the property into two self-contained flats (comprising one 2-bedroom flat at ground floor & one 2-bedroom flat at first floor, with associated external alterations, cycle/refuse storage and amenity space.","2","890000","623000","550000","Thomas Boateng","","Mrs Arita Beqiri","","","","","","","","","","","https://constructioncapital.co.uk/news/2026-09-18-hgy-2026-1287-tottenham-planning-approved","https://publicregister.haringey.gov.uk/pr/s/detail/a0iP200000HTdfJIAT?c__r=Arcus_BE_Public_Register","550000","2249","0.9","We wrote up your approved scheme at 5 Radley Road Tottenham London N17 6RH and modelled high-level senior debt at 70% LTGDV (£623k against estimated GDV £890k).","Indicative 70% LTGDV funding view for 5 Radley Road Tottenham London N17 6RH","Hi Thomas Boateng,

I saw that Haringey Council approved HGY/2026/1287 for 5 Radley Road Tottenham London N17 6RH. We have written a short market note on the site here: https://constructioncapital.co.uk/news/2026-09-18-hgy-2026-1287-tottenham-planning-approved

Using local sold-price data, we estimate GDV at £890k. At 70% LTGDV, that points to high-level senior debt of around £623k, subject to valuation, cost plan, borrower experience and lender underwriting.

If this is a live scheme, I can put proper indicative terms together from our lender panel within 24 hours.

Regards,
Matt Lenzie
Construction Capital","Thomas Boateng


Re: 5 Radley Road Tottenham London N17 6RH - approved planning application HGY/2026/1287

We noticed the recent approval for the above site and have prepared a short market note covering the planning consent, local sold-price evidence and a high-level senior debt view:
https://constructioncapital.co.uk/news/2026-09-18-hgy-2026-1287-tottenham-planning-approved

Based on the available data, we estimate GDV at £890k. At 70% LTGDV, this indicates potential senior debt of around £623k, subject to valuation, cost plan, borrower experience and lender underwriting.

Construction Capital arranges senior debt, mezzanine finance and equity/JV funding for UK property developers. If this site is moving toward acquisition or construction, we can provide formal indicative terms from our lender panel within 24 hours.

Yours faithfully,
Matt Lenzie
Construction Capital"
"24/05760/LI","16/09/2026","Leeds City Council","primary_consent","west-yorkshire","leeds","Arncliffe 22 Shire Oak Road Headingley Leeds LS6 2DE","LS6 2DE","Listed building application for two storey extension to existing house and reconfiguration, to form an additional six flats; alterations to existing coach house forming one additional flat and restoration of exiting apartment; replace garage doors with windows; new steps and platform to side; new windows and door to rear; associated hard and soft landscaping and parking provision","6","888000","621600","235000","","","","","","","","","","","","","","https://constructioncapital.co.uk/news/2026-09-16-24-05760-li-leeds-planning-approved","https://publicaccess.leeds.gov.uk/online-applications/applicationDetails.do?activeTab=summary&keyVal=SKRXK1JB30600","235000","10583","0","We wrote up your approved scheme at Arncliffe 22 Shire Oak Road Headingley Leeds LS6 2DE and modelled high-level senior debt at 70% LTGDV (£622k against estimated GDV £888k).","Indicative 70% LTGDV funding view for Arncliffe 22 Shire Oak Road Headingley Leeds LS6 2DE","Hi there,

I saw that Leeds City Council approved 24/05760/LI for Arncliffe 22 Shire Oak Road Headingley Leeds LS6 2DE. We have written a short market note on the site here: https://constructioncapital.co.uk/news/2026-09-16-24-05760-li-leeds-planning-approved

Using local sold-price data, we estimate GDV at £888k. At 70% LTGDV, that points to high-level senior debt of around £622k, subject to valuation, cost plan, borrower experience and lender underwriting.

If this is a live scheme, I can put proper indicative terms together from our lender panel within 24 hours.

Regards,
Matt Lenzie
Construction Capital","The Developer


Re: Arncliffe 22 Shire Oak Road Headingley Leeds LS6 2DE - approved planning application 24/05760/LI

We noticed the recent approval for the above site and have prepared a short market note covering the planning consent, local sold-price evidence and a high-level senior debt view:
https://constructioncapital.co.uk/news/2026-09-16-24-05760-li-leeds-planning-approved

Based on the available data, we estimate GDV at £888k. At 70% LTGDV, this indicates potential senior debt of around £622k, subject to valuation, cost plan, borrower experience and lender underwriting.

Construction Capital arranges senior debt, mezzanine finance and equity/JV funding for UK property developers. If this site is moving toward acquisition or construction, we can provide formal indicative terms from our lender panel within 24 hours.

Yours faithfully,
Matt Lenzie
Construction Capital"
"24/05759/FU","16/09/2026","Leeds City Council","primary_consent","west-yorkshire","leeds","Arncliffe 22 Shire Oak Road Headingley Leeds LS6 2DE","LS6 2DE","Two storey extension to existing house and reconfiguration to form an additional six flats; alterations to existing coach house forming one additional flat and restoration of existing apartment; replace garage doors with windows; new steps and platform to side; new windows and door to rear; associated hard and soft landscaping and parking provision","6","888000","621600","235000","","","","","","","","","","","","","","https://constructioncapital.co.uk/news/2026-09-16-24-05759-fu-leeds-planning-approved","https://publicaccess.leeds.gov.uk/online-applications/applicationDetails.do?activeTab=summary&keyVal=SKRWYYJB30600","235000","10583","0","We wrote up your approved scheme at Arncliffe 22 Shire Oak Road Headingley Leeds LS6 2DE and modelled high-level senior debt at 70% LTGDV (£622k against estimated GDV £888k).","Indicative 70% LTGDV funding view for Arncliffe 22 Shire Oak Road Headingley Leeds LS6 2DE","Hi there,

I saw that Leeds City Council approved 24/05759/FU for Arncliffe 22 Shire Oak Road Headingley Leeds LS6 2DE. We have written a short market note on the site here: https://constructioncapital.co.uk/news/2026-09-16-24-05759-fu-leeds-planning-approved

Using local sold-price data, we estimate GDV at £888k. At 70% LTGDV, that points to high-level senior debt of around £622k, subject to valuation, cost plan, borrower experience and lender underwriting.

If this is a live scheme, I can put proper indicative terms together from our lender panel within 24 hours.

Regards,
Matt Lenzie
Construction Capital","The Developer


Re: Arncliffe 22 Shire Oak Road Headingley Leeds LS6 2DE - approved planning application 24/05759/FU

We noticed the recent approval for the above site and have prepared a short market note covering the planning consent, local sold-price evidence and a high-level senior debt view:
https://constructioncapital.co.uk/news/2026-09-16-24-05759-fu-leeds-planning-approved

Based on the available data, we estimate GDV at £888k. At 70% LTGDV, this indicates potential senior debt of around £622k, subject to valuation, cost plan, borrower experience and lender underwriting.

Construction Capital arranges senior debt, mezzanine finance and equity/JV funding for UK property developers. If this site is moving toward acquisition or construction, we can provide formal indicative terms from our lender panel within 24 hours.

Yours faithfully,
Matt Lenzie
Construction Capital"
"26/01785/PIP","15/09/2026","Tunbridge Wells Borough Council","primary_consent","kent","tunbridge-wells","Land North Of Hither Chantlers Langton Green Tunbridge Wells Kent","","Permission in principle for 2 dwellings","2","860000","602000","430000","","","","","","","","","","","","","","https://constructioncapital.co.uk/news/2026-09-15-26-01785-pip-tunbridge-wells-planning-approved","https://twbcpa.midkent.gov.uk/online-applications/applicationDetails.do?activeTab=summary&keyVal=TJK0ZJTY16F00","430000","1634","1.2","We wrote up your approved scheme at Land North Of Hither Chantlers Langton Green Tunbridge Wells Kent and modelled high-level senior debt at 70% LTGDV (£602k against estimated GDV £860k).","Indicative 70% LTGDV funding view for Land North Of Hither Chantlers Langton Green Tunbridge Wells Kent","Hi there,

I saw that Tunbridge Wells Borough Council approved 26/01785/PIP for Land North Of Hither Chantlers Langton Green Tunbridge Wells Kent. We have written a short market note on the site here: https://constructioncapital.co.uk/news/2026-09-15-26-01785-pip-tunbridge-wells-planning-approved

Using local sold-price data, we estimate GDV at £860k. At 70% LTGDV, that points to high-level senior debt of around £602k, subject to valuation, cost plan, borrower experience and lender underwriting.

If this is a live scheme, I can put proper indicative terms together from our lender panel within 24 hours.

Regards,
Matt Lenzie
Construction Capital","The Developer


Re: Land North Of Hither Chantlers Langton Green Tunbridge Wells Kent - approved planning application 26/01785/PIP

We noticed the recent approval for the above site and have prepared a short market note covering the planning consent, local sold-price evidence and a high-level senior debt view:
https://constructioncapital.co.uk/news/2026-09-15-26-01785-pip-tunbridge-wells-planning-approved

Based on the available data, we estimate GDV at £860k. At 70% LTGDV, this indicates potential senior debt of around £602k, subject to valuation, cost plan, borrower experience and lender underwriting.

Construction Capital arranges senior debt, mezzanine finance and equity/JV funding for UK property developers. If this site is moving toward acquisition or construction, we can provide formal indicative terms from our lender panel within 24 hours.

Yours faithfully,
Matt Lenzie
Construction Capital"
"26/01033/PACU6","17/09/2026","King's Lynn & West Norfolk Borough Council","primary_consent","norfolk","kings-lynn","Towergate Insurance Brokers 31A St James Street King's Lynn Norfolk PE30 5DJ","PE30 5DJ","Prior Notification for the Change of Use from former insurance brokers (Class E) to three dwellings (Class C3) Schedule 2, Part 3, Class MA","3","789000","552300","263000","","","","","","","","","","","","","","https://constructioncapital.co.uk/news/2026-09-17-26-01033-pacu6-kings-lynn-planning-approved","https://online.west-norfolk.gov.uk/online-applications/applicationDetails.do?activeTab=summary&keyVal=TGUII6IVLKT00","263000","2265","-0.8","We wrote up your approved scheme at Towergate Insurance Brokers 31A St James Street King's Lynn Norfolk PE30 5DJ and modelled high-level senior debt at 70% LTGDV (£552k against estimated GDV £789k).","Indicative 70% LTGDV funding view for Towergate Insurance Brokers 31A St James Street King's Lynn Norfolk PE30 5DJ","Hi there,

I saw that King's Lynn & West Norfolk Borough Council approved 26/01033/PACU6 for Towergate Insurance Brokers 31A St James Street King's Lynn Norfolk PE30 5DJ. We have written a short market note on the site here: https://constructioncapital.co.uk/news/2026-09-17-26-01033-pacu6-kings-lynn-planning-approved

Using local sold-price data, we estimate GDV at £789k. At 70% LTGDV, that points to high-level senior debt of around £552k, subject to valuation, cost plan, borrower experience and lender underwriting.

If this is a live scheme, I can put proper indicative terms together from our lender panel within 24 hours.

Regards,
Matt Lenzie
Construction Capital","The Developer


Re: Towergate Insurance Brokers 31A St James Street King's Lynn Norfolk PE30 5DJ - approved planning application 26/01033/PACU6

We noticed the recent approval for the above site and have prepared a short market note covering the planning consent, local sold-price evidence and a high-level senior debt view:
https://constructioncapital.co.uk/news/2026-09-17-26-01033-pacu6-kings-lynn-planning-approved

Based on the available data, we estimate GDV at £789k. At 70% LTGDV, this indicates potential senior debt of around £552k, subject to valuation, cost plan, borrower experience and lender underwriting.

Construction Capital arranges senior debt, mezzanine finance and equity/JV funding for UK property developers. If this site is moving toward acquisition or construction, we can provide formal indicative terms from our lender panel within 24 hours.

Yours faithfully,
Matt Lenzie
Construction Capital"
"PL/26/05569/FA","17/09/2026","Buckinghamshire Council","primary_consent","buckinghamshire","amersham","1 Evelyn Gardens Burnham Buckinghamshire SL6 0FG","SL6 0FG","Change of use of dwellinghouse (Class C3) to three child residential children's care home with non-resident carers (Class C2)","1","725000","507500","725000","","","","","","","","","","","","","","https://constructioncapital.co.uk/news/2026-09-17-pl-26-05569-fa-amersham-planning-approved","https://publicaccess.buckinghamshire.gov.uk/online-applications/applicationDetails.do?activeTab=summary&keyVal=TI3QA0ESHOY00","725000","280","2.1","We wrote up your approved scheme at 1 Evelyn Gardens Burnham Buckinghamshire SL6 0FG and modelled high-level senior debt at 70% LTGDV (£508k against estimated GDV £725k).","Indicative 70% LTGDV funding view for 1 Evelyn Gardens Burnham Buckinghamshire SL6 0FG","Hi there,

I saw that Buckinghamshire Council approved PL/26/05569/FA for 1 Evelyn Gardens Burnham Buckinghamshire SL6 0FG. We have written a short market note on the site here: https://constructioncapital.co.uk/news/2026-09-17-pl-26-05569-fa-amersham-planning-approved

Using local sold-price data, we estimate GDV at £725k. At 70% LTGDV, that points to high-level senior debt of around £508k, subject to valuation, cost plan, borrower experience and lender underwriting.

If this is a live scheme, I can put proper indicative terms together from our lender panel within 24 hours.

Regards,
Matt Lenzie
Construction Capital","The Developer


Re: 1 Evelyn Gardens Burnham Buckinghamshire SL6 0FG - approved planning application PL/26/05569/FA

We noticed the recent approval for the above site and have prepared a short market note covering the planning consent, local sold-price evidence and a high-level senior debt view:
https://constructioncapital.co.uk/news/2026-09-17-pl-26-05569-fa-amersham-planning-approved

Based on the available data, we estimate GDV at £725k. At 70% LTGDV, this indicates potential senior debt of around £508k, subject to valuation, cost plan, borrower experience and lender underwriting.

Construction Capital arranges senior debt, mezzanine finance and equity/JV funding for UK property developers. If this site is moving toward acquisition or construction, we can provide formal indicative terms from our lender panel within 24 hours.

Yours faithfully,
Matt Lenzie
Construction Capital"
"DC/26/1106","17/09/2026","Horsham District Council","primary_consent","sussex","horsham","171 Farhalls Crescent Horsham West Sussex RH12 4BX","RH12 4BX","Conversion of the existing detached garage into habitable living space to form a home hair salon incidental to the main dwelling, including raising the roof to increase the internal head height and replacement of the existing garage door with an entrance door.","1","680000","476000","426000","","","","","","","","","","","","","","https://constructioncapital.co.uk/news/2026-09-17-dc-26-1106-horsham-planning-approved","https://public-access.horsham.gov.uk/public-access/applicationDetails.do?activeTab=summary&keyVal=THYDKJIJKBQ00","426000","2178","-2.1","We wrote up your approved scheme at 171 Farhalls Crescent Horsham West Sussex RH12 4BX and modelled high-level senior debt at 70% LTGDV (£476k against estimated GDV £680k).","Indicative 70% LTGDV funding view for 171 Farhalls Crescent Horsham West Sussex RH12 4BX","Hi there,

I saw that Horsham District Council approved DC/26/1106 for 171 Farhalls Crescent Horsham West Sussex RH12 4BX. We have written a short market note on the site here: https://constructioncapital.co.uk/news/2026-09-17-dc-26-1106-horsham-planning-approved

Using local sold-price data, we estimate GDV at £680k. At 70% LTGDV, that points to high-level senior debt of around £476k, subject to valuation, cost plan, borrower experience and lender underwriting.

If this is a live scheme, I can put proper indicative terms together from our lender panel within 24 hours.

Regards,
Matt Lenzie
Construction Capital","The Developer


Re: 171 Farhalls Crescent Horsham West Sussex RH12 4BX - approved planning application DC/26/1106

We noticed the recent approval for the above site and have prepared a short market note covering the planning consent, local sold-price evidence and a high-level senior debt view:
https://constructioncapital.co.uk/news/2026-09-17-dc-26-1106-horsham-planning-approved

Based on the available data, we estimate GDV at £680k. At 70% LTGDV, this indicates potential senior debt of around £476k, subject to valuation, cost plan, borrower experience and lender underwriting.

Construction Capital arranges senior debt, mezzanine finance and equity/JV funding for UK property developers. If this site is moving toward acquisition or construction, we can provide formal indicative terms from our lender panel within 24 hours.

Yours faithfully,
Matt Lenzie
Construction Capital"
"S.26/0581/LBC","14/09/2026","Stroud District Council","primary_consent","gloucestershire","stroud","Draycott Farm Box Road Cam Dursley Gloucestershire GL11 5DL","GL11 5DL","Sub-division of farmhouse into two dwellings, facilitated by internal works & erection of fence","2","660000","462000","330000","","","","","","","","","","","","","","https://constructioncapital.co.uk/news/2026-09-14-s-26-0581-lbc-stroud-planning-approved","https://publicaccess.stroud.gov.uk/online-applications/applicationDetails.do?activeTab=summary&keyVal=TCRPQOPNGEV00","330000","1776","-1.3","We wrote up your approved scheme at Draycott Farm Box Road Cam Dursley Gloucestershire GL11 5DL and modelled high-level senior debt at 70% LTGDV (£462k against estimated GDV £660k).","Indicative 70% LTGDV funding view for Draycott Farm Box Road Cam Dursley Gloucestershire GL11 5DL","Hi there,

I saw that Stroud District Council approved S.26/0581/LBC for Draycott Farm Box Road Cam Dursley Gloucestershire GL11 5DL. We have written a short market note on the site here: https://constructioncapital.co.uk/news/2026-09-14-s-26-0581-lbc-stroud-planning-approved

Using local sold-price data, we estimate GDV at £660k. At 70% LTGDV, that points to high-level senior debt of around £462k, subject to valuation, cost plan, borrower experience and lender underwriting.

If this is a live scheme, I can put proper indicative terms together from our lender panel within 24 hours.

Regards,
Matt Lenzie
Construction Capital","The Developer


Re: Draycott Farm Box Road Cam Dursley Gloucestershire GL11 5DL - approved planning application S.26/0581/LBC

We noticed the recent approval for the above site and have prepared a short market note covering the planning consent, local sold-price evidence and a high-level senior debt view:
https://constructioncapital.co.uk/news/2026-09-14-s-26-0581-lbc-stroud-planning-approved

Based on the available data, we estimate GDV at £660k. At 70% LTGDV, this indicates potential senior debt of around £462k, subject to valuation, cost plan, borrower experience and lender underwriting.

Construction Capital arranges senior debt, mezzanine finance and equity/JV funding for UK property developers. If this site is moving toward acquisition or construction, we can provide formal indicative terms from our lender panel within 24 hours.

Yours faithfully,
Matt Lenzie
Construction Capital"
"S.26/0580/FUL","14/09/2026","Stroud District Council","primary_consent","gloucestershire","stroud","Draycott Farm Box Road Cam Dursley Gloucestershire GL11 5DL","GL11 5DL","Sub-division of farmhouse into two dwellings & erection of fence","2","660000","462000","330000","","","","","","","","","","","","","","https://constructioncapital.co.uk/news/2026-09-14-s-26-0580-ful-stroud-planning-approved","https://publicaccess.stroud.gov.uk/online-applications/applicationDetails.do?activeTab=summary&keyVal=TCRPQMPNGEU00","330000","1776","-1.3","We wrote up your approved scheme at Draycott Farm Box Road Cam Dursley Gloucestershire GL11 5DL and modelled high-level senior debt at 70% LTGDV (£462k against estimated GDV £660k).","Indicative 70% LTGDV funding view for Draycott Farm Box Road Cam Dursley Gloucestershire GL11 5DL","Hi there,

I saw that Stroud District Council approved S.26/0580/FUL for Draycott Farm Box Road Cam Dursley Gloucestershire GL11 5DL. We have written a short market note on the site here: https://constructioncapital.co.uk/news/2026-09-14-s-26-0580-ful-stroud-planning-approved

Using local sold-price data, we estimate GDV at £660k. At 70% LTGDV, that points to high-level senior debt of around £462k, subject to valuation, cost plan, borrower experience and lender underwriting.

If this is a live scheme, I can put proper indicative terms together from our lender panel within 24 hours.

Regards,
Matt Lenzie
Construction Capital","The Developer


Re: Draycott Farm Box Road Cam Dursley Gloucestershire GL11 5DL - approved planning application S.26/0580/FUL

We noticed the recent approval for the above site and have prepared a short market note covering the planning consent, local sold-price evidence and a high-level senior debt view:
https://constructioncapital.co.uk/news/2026-09-14-s-26-0580-ful-stroud-planning-approved

Based on the available data, we estimate GDV at £660k. At 70% LTGDV, this indicates potential senior debt of around £462k, subject to valuation, cost plan, borrower experience and lender underwriting.

Construction Capital arranges senior debt, mezzanine finance and equity/JV funding for UK property developers. If this site is moving toward acquisition or construction, we can provide formal indicative terms from our lender panel within 24 hours.

Yours faithfully,
Matt Lenzie
Construction Capital"
"PL/25/5323/FA","17/09/2026","Buckinghamshire Council","primary_consent","buckinghamshire","amersham","194 New Road High Wycombe Buckinghamshire HP12 4RG","HP12 4RG","Proposed single storey side and rear extension, including loft extension and conversion of existing dwelling house into 2 apartments","2","630000","441000","725000","","","","","","","","","","","","","","https://constructioncapital.co.uk/news/2026-09-17-pl-25-5323-fa-amersham-planning-approved","https://publicaccess.buckinghamshire.gov.uk/online-applications/applicationDetails.do?activeTab=summary&keyVal=T5B2UEESHG400","725000","280","2.1","We wrote up your approved scheme at 194 New Road High Wycombe Buckinghamshire HP12 4RG and modelled high-level senior debt at 70% LTGDV (£441k against estimated GDV £630k).","Indicative 70% LTGDV funding view for 194 New Road High Wycombe Buckinghamshire HP12 4RG","Hi there,

I saw that Buckinghamshire Council approved PL/25/5323/FA for 194 New Road High Wycombe Buckinghamshire HP12 4RG. We have written a short market note on the site here: https://constructioncapital.co.uk/news/2026-09-17-pl-25-5323-fa-amersham-planning-approved

Using local sold-price data, we estimate GDV at £630k. At 70% LTGDV, that points to high-level senior debt of around £441k, subject to valuation, cost plan, borrower experience and lender underwriting.

If this is a live scheme, I can put proper indicative terms together from our lender panel within 24 hours.

Regards,
Matt Lenzie
Construction Capital","The Developer


Re: 194 New Road High Wycombe Buckinghamshire HP12 4RG - approved planning application PL/25/5323/FA

We noticed the recent approval for the above site and have prepared a short market note covering the planning consent, local sold-price evidence and a high-level senior debt view:
https://constructioncapital.co.uk/news/2026-09-17-pl-25-5323-fa-amersham-planning-approved

Based on the available data, we estimate GDV at £630k. At 70% LTGDV, this indicates potential senior debt of around £441k, subject to valuation, cost plan, borrower experience and lender underwriting.

Construction Capital arranges senior debt, mezzanine finance and equity/JV funding for UK property developers. If this site is moving toward acquisition or construction, we can provide formal indicative terms from our lender panel within 24 hours.

Yours faithfully,
Matt Lenzie
Construction Capital"
"SELZG2025/0764/FUL","17/09/2026","North Yorkshire Council","primary_consent","north-yorkshire","harrogate","Maspin Grange Hillam Common Lane Hillam West Yorkshire LS25 5HT","LS25 5HT","Conversion of existing farmhouse and associated barns to form two dwellings, including the conversion of a rear outbuilding to ancillary use, associated landscaping, creation of wildlife ponds, orchard and wildflower meadow, and installation of ecological enhancements following the demolition of agricultural buildings","2","630000","441000","315000","","","","","","","","","","","","","","https://constructioncapital.co.uk/news/2026-09-17-selzg2025-0764-ful-harrogate-planning-approved","https://publicaccess.northyorks.gov.uk/online-applications/applicationDetails.do?activeTab=summary&keyVal=T049HJNXHFQ00","315000","1652","0.6","We wrote up your approved scheme at Maspin Grange Hillam Common Lane Hillam West Yorkshire LS25 5HT and modelled high-level senior debt at 70% LTGDV (£441k against estimated GDV £630k).","Indicative 70% LTGDV funding view for Maspin Grange Hillam Common Lane Hillam West Yorkshire LS25 5HT","Hi there,

I saw that North Yorkshire Council approved SELZG2025/0764/FUL for Maspin Grange Hillam Common Lane Hillam West Yorkshire LS25 5HT. We have written a short market note on the site here: https://constructioncapital.co.uk/news/2026-09-17-selzg2025-0764-ful-harrogate-planning-approved

Using local sold-price data, we estimate GDV at £630k. At 70% LTGDV, that points to high-level senior debt of around £441k, subject to valuation, cost plan, borrower experience and lender underwriting.

If this is a live scheme, I can put proper indicative terms together from our lender panel within 24 hours.

Regards,
Matt Lenzie
Construction Capital","The Developer


Re: Maspin Grange Hillam Common Lane Hillam West Yorkshire LS25 5HT - approved planning application SELZG2025/0764/FUL

We noticed the recent approval for the above site and have prepared a short market note covering the planning consent, local sold-price evidence and a high-level senior debt view:
https://constructioncapital.co.uk/news/2026-09-17-selzg2025-0764-ful-harrogate-planning-approved

Based on the available data, we estimate GDV at £630k. At 70% LTGDV, this indicates potential senior debt of around £441k, subject to valuation, cost plan, borrower experience and lender underwriting.

Construction Capital arranges senior debt, mezzanine finance and equity/JV funding for UK property developers. If this site is moving toward acquisition or construction, we can provide formal indicative terms from our lender panel within 24 hours.

Yours faithfully,
Matt Lenzie
Construction Capital"
"2026/1263/FUL","15/09/2026","Mendip District Council (legacy portal)","primary_consent","somerset","frome","Land At 371150 141483 Station Road Wanstrow Shepton Mallet Somerset","","Erection of two dwellings (Plots 6 and 7) with associated vehicular access, parking and turning.","2","620000","434000","310000","","","","","","","","","","","","","","https://constructioncapital.co.uk/news/2026-09-15-2026-1263-ful-frome-planning-approved","https://publicaccess.mendip.gov.uk/online-applications/applicationDetails.do?activeTab=summary&keyVal=THJMB2KPI5S00","310000","587","-6.1","We wrote up your approved scheme at Land At 371150 141483 Station Road Wanstrow Shepton Mallet Somerset and modelled high-level senior debt at 70% LTGDV (£434k against estimated GDV £620k).","Indicative 70% LTGDV funding view for Land At 371150 141483 Station Road Wanstrow Shepton Mallet Somerset","Hi there,

I saw that Mendip District Council (legacy portal) approved 2026/1263/FUL for Land At 371150 141483 Station Road Wanstrow Shepton Mallet Somerset. We have written a short market note on the site here: https://constructioncapital.co.uk/news/2026-09-15-2026-1263-ful-frome-planning-approved

Using local sold-price data, we estimate GDV at £620k. At 70% LTGDV, that points to high-level senior debt of around £434k, subject to valuation, cost plan, borrower experience and lender underwriting.

If this is a live scheme, I can put proper indicative terms together from our lender panel within 24 hours.

Regards,
Matt Lenzie
Construction Capital","The Developer


Re: Land At 371150 141483 Station Road Wanstrow Shepton Mallet Somerset - approved planning application 2026/1263/FUL

We noticed the recent approval for the above site and have prepared a short market note covering the planning consent, local sold-price evidence and a high-level senior debt view:
https://constructioncapital.co.uk/news/2026-09-15-2026-1263-ful-frome-planning-approved

Based on the available data, we estimate GDV at £620k. At 70% LTGDV, this indicates potential senior debt of around £434k, subject to valuation, cost plan, borrower experience and lender underwriting.

Construction Capital arranges senior debt, mezzanine finance and equity/JV funding for UK property developers. If this site is moving toward acquisition or construction, we can provide formal indicative terms from our lender panel within 24 hours.

Yours faithfully,
Matt Lenzie
Construction Capital"
"DC/26/03072","15/09/2026","Babergh & Mid Suffolk Councils","reserved_matters","suffolk","stowmarket","White Hall Barn Stowmarket Road Debenham Stowmarket Suffolk IP14 6BU","IP14 6BU","Application for Approval of Reserved Matters under Application for Outline Permission DC/21/04754 allowed at Appeal APP/W3520/W/22/3302285 07.08.2023; Details of appearance, scale layout and landscaping of the development of two dwellings, garages, hardstanding and approval of surface water drainage scheme as required by condition 8 of the outline planning permission.","2","607000","424900","303500","","","","","","","","","","","","","","https://constructioncapital.co.uk/news/2026-09-15-dc-26-03072-stowmarket-planning-approved","https://planning.baberghmidsuffolk.gov.uk/online-applications/applicationDetails.do?activeTab=summary&keyVal=TIAZDZSHHXP00","303500","1692","-3.7","We wrote up your approved scheme at White Hall Barn Stowmarket Road Debenham Stowmarket Suffolk IP14 6BU and modelled high-level senior debt at 70% LTGDV (£425k against estimated GDV £607k).","Indicative 70% LTGDV funding view for White Hall Barn Stowmarket Road Debenham Stowmarket Suffolk IP14 6BU","Hi there,

I saw that Babergh & Mid Suffolk Councils approved DC/26/03072 for White Hall Barn Stowmarket Road Debenham Stowmarket Suffolk IP14 6BU. We have written a short market note on the site here: https://constructioncapital.co.uk/news/2026-09-15-dc-26-03072-stowmarket-planning-approved

Using local sold-price data, we estimate GDV at £607k. At 70% LTGDV, that points to high-level senior debt of around £425k, subject to valuation, cost plan, borrower experience and lender underwriting.

If this is a live scheme, I can put proper indicative terms together from our lender panel within 24 hours.

Regards,
Matt Lenzie
Construction Capital","The Developer


Re: White Hall Barn Stowmarket Road Debenham Stowmarket Suffolk IP14 6BU - approved planning application DC/26/03072

We noticed the recent approval for the above site and have prepared a short market note covering the planning consent, local sold-price evidence and a high-level senior debt view:
https://constructioncapital.co.uk/news/2026-09-15-dc-26-03072-stowmarket-planning-approved

Based on the available data, we estimate GDV at £607k. At 70% LTGDV, this indicates potential senior debt of around £425k, subject to valuation, cost plan, borrower experience and lender underwriting.

Construction Capital arranges senior debt, mezzanine finance and equity/JV funding for UK property developers. If this site is moving toward acquisition or construction, we can provide formal indicative terms from our lender panel within 24 hours.

Yours faithfully,
Matt Lenzie
Construction Capital"
"26/00855/OUT","18/09/2026","Lichfield District Council","outline","staffordshire","lichfield","Land South Of The Farm House Church Road Stonnall Walsall Staffordshire WS9 9HL","WS9 9HL","Outline application (with all matters reserved except for access) for up to 2 No. dwellings and associated works","2","604850","423395","302425","","","","","","","","","","","","","","https://constructioncapital.co.uk/news/2026-09-18-26-00855-out-lichfield-planning-approved","https://planning.lichfielddc.gov.uk/online-applications/applicationDetails.do?activeTab=summary&keyVal=THYSI9JEKDG00","302425","1660","-0.5","We wrote up your approved scheme at Land South Of The Farm House Church Road Stonnall Walsall Staffordshire WS9 9HL and modelled high-level senior debt at 70% LTGDV (£423k against estimated GDV £605k).","Indicative 70% LTGDV funding view for Land South Of The Farm House Church Road Stonnall Walsall Staffordshire WS9 9HL","Hi there,

I saw that Lichfield District Council approved 26/00855/OUT for Land South Of The Farm House Church Road Stonnall Walsall Staffordshire WS9 9HL. We have written a short market note on the site here: https://constructioncapital.co.uk/news/2026-09-18-26-00855-out-lichfield-planning-approved

Using local sold-price data, we estimate GDV at £605k. At 70% LTGDV, that points to high-level senior debt of around £423k, subject to valuation, cost plan, borrower experience and lender underwriting.

If this is a live scheme, I can put proper indicative terms together from our lender panel within 24 hours.

Regards,
Matt Lenzie
Construction Capital","The Developer


Re: Land South Of The Farm House Church Road Stonnall Walsall Staffordshire WS9 9HL - approved planning application 26/00855/OUT

We noticed the recent approval for the above site and have prepared a short market note covering the planning consent, local sold-price evidence and a high-level senior debt view:
https://constructioncapital.co.uk/news/2026-09-18-26-00855-out-lichfield-planning-approved

Based on the available data, we estimate GDV at £605k. At 70% LTGDV, this indicates potential senior debt of around £423k, subject to valuation, cost plan, borrower experience and lender underwriting.

Construction Capital arranges senior debt, mezzanine finance and equity/JV funding for UK property developers. If this site is moving toward acquisition or construction, we can provide formal indicative terms from our lender panel within 24 hours.

Yours faithfully,
Matt Lenzie
Construction Capital"
"26/00948/FULL","14/09/2026","Mid Devon District Council","primary_consent","devon","tiverton","Land and Buildings at NGR 287320 106181 Landboat Farm Cheriton Fitzpaine Devon","","Erection of two dwellings following removal of redundant agricultural barns","2","550000","385000","275000","","","","","","","","","","","","","","https://constructioncapital.co.uk/news/2026-09-14-26-00948-full-tiverton-planning-approved","https://planning.middevon.gov.uk/online-applications/applicationDetails.do?activeTab=summary&keyVal=TIB5F3KS07T00","275000","1146","-7.7","We wrote up your approved scheme at Land and Buildings at NGR 287320 106181 Landboat Farm Cheriton Fitzpaine Devon and modelled high-level senior debt at 70% LTGDV (£385k against estimated GDV £550k).","Indicative 70% LTGDV funding view for Land and Buildings at NGR 287320 106181 Landboat Farm Cheriton Fitzpaine Devon","Hi there,

I saw that Mid Devon District Council approved 26/00948/FULL for Land and Buildings at NGR 287320 106181 Landboat Farm Cheriton Fitzpaine Devon. We have written a short market note on the site here: https://constructioncapital.co.uk/news/2026-09-14-26-00948-full-tiverton-planning-approved

Using local sold-price data, we estimate GDV at £550k. At 70% LTGDV, that points to high-level senior debt of around £385k, subject to valuation, cost plan, borrower experience and lender underwriting.

If this is a live scheme, I can put proper indicative terms together from our lender panel within 24 hours.

Regards,
Matt Lenzie
Construction Capital","The Developer


Re: Land and Buildings at NGR 287320 106181 Landboat Farm Cheriton Fitzpaine Devon - approved planning application 26/00948/FULL

We noticed the recent approval for the above site and have prepared a short market note covering the planning consent, local sold-price evidence and a high-level senior debt view:
https://constructioncapital.co.uk/news/2026-09-14-26-00948-full-tiverton-planning-approved

Based on the available data, we estimate GDV at £550k. At 70% LTGDV, this indicates potential senior debt of around £385k, subject to valuation, cost plan, borrower experience and lender underwriting.

Construction Capital arranges senior debt, mezzanine finance and equity/JV funding for UK property developers. If this site is moving toward acquisition or construction, we can provide formal indicative terms from our lender panel within 24 hours.

Yours faithfully,
Matt Lenzie
Construction Capital"
"HGY/2026/1813","17/09/2026","Haringey Council","primary_consent","greater-london","tottenham","2 Tancred Road Hornsey London N4 1EH","N4 1EH","Alterations and extensions to single dwellinghouse comprising: lower-ground floor excavation with front lightwell and escape window; lower-ground floor, ground floor and loft/second floor rear extensions; hip-to-gable roof conversion with L-shaped rear dormer; external wall insulation to side and rear elevations with rendered and brick finish; and new bicycle and bin storage box in front garden.","1","550000","385000","550000","Dr Christopher Ross","","","","","","","","","","","","","https://constructioncapital.co.uk/news/2026-09-17-hgy-2026-1813-tottenham-planning-approved","https://publicregister.haringey.gov.uk/pr/s/detail/a0iP200000HsaXlIAJ?c__r=Arcus_BE_Public_Register","550000","2249","0.9","We wrote up your approved scheme at 2 Tancred Road Hornsey London N4 1EH and modelled high-level senior debt at 70% LTGDV (£385k against estimated GDV £550k).","Indicative 70% LTGDV funding view for 2 Tancred Road Hornsey London N4 1EH","Hi Dr Christopher Ross,

I saw that Haringey Council approved HGY/2026/1813 for 2 Tancred Road Hornsey London N4 1EH. We have written a short market note on the site here: https://constructioncapital.co.uk/news/2026-09-17-hgy-2026-1813-tottenham-planning-approved

Using local sold-price data, we estimate GDV at £550k. At 70% LTGDV, that points to high-level senior debt of around £385k, subject to valuation, cost plan, borrower experience and lender underwriting.

If this is a live scheme, I can put proper indicative terms together from our lender panel within 24 hours.

Regards,
Matt Lenzie
Construction Capital","Dr Christopher Ross


Re: 2 Tancred Road Hornsey London N4 1EH - approved planning application HGY/2026/1813

We noticed the recent approval for the above site and have prepared a short market note covering the planning consent, local sold-price evidence and a high-level senior debt view:
https://constructioncapital.co.uk/news/2026-09-17-hgy-2026-1813-tottenham-planning-approved

Based on the available data, we estimate GDV at £550k. At 70% LTGDV, this indicates potential senior debt of around £385k, subject to valuation, cost plan, borrower experience and lender underwriting.

Construction Capital arranges senior debt, mezzanine finance and equity/JV funding for UK property developers. If this site is moving toward acquisition or construction, we can provide formal indicative terms from our lender panel within 24 hours.

Yours faithfully,
Matt Lenzie
Construction Capital"
"HGY/2026/2090","17/09/2026","Haringey Council","primary_consent","greater-london","tottenham","Shop 519 Seven Sisters Road Tottenham London N15 6EP","N15 6EP","Application to determine if prior approval is required for a proposed: Change of use from Commercial, Business and Service (Use Class E) to Dwellinghouses (Use Class C3) Town and Country Planning (General Permitted Development) (England) Order 2015 (as amended) - Schedule 2, Part 3, Class MA","1","550000","385000","550000","Mr Taub","","Mr Shloime Godlewsky, Redwoods Projects Ltd","Mr Shloime Godlewsky, Redwoods Projects Ltd","","","","","","","","","","https://constructioncapital.co.uk/news/2026-09-17-hgy-2026-2090-tottenham-planning-approved","https://publicregister.haringey.gov.uk/pr/s/detail/a0iP200000I1t89IAB?c__r=Arcus_BE_Public_Register","550000","2249","0.9","We wrote up your approved scheme at Shop 519 Seven Sisters Road Tottenham London N15 6EP and modelled high-level senior debt at 70% LTGDV (£385k against estimated GDV £550k).","Indicative 70% LTGDV funding view for Shop 519 Seven Sisters Road Tottenham London N15 6EP","Hi Mr Taub,

I saw that Haringey Council approved HGY/2026/2090 for Shop 519 Seven Sisters Road Tottenham London N15 6EP. We have written a short market note on the site here: https://constructioncapital.co.uk/news/2026-09-17-hgy-2026-2090-tottenham-planning-approved

Using local sold-price data, we estimate GDV at £550k. At 70% LTGDV, that points to high-level senior debt of around £385k, subject to valuation, cost plan, borrower experience and lender underwriting.

If this is a live scheme, I can put proper indicative terms together from our lender panel within 24 hours.

Regards,
Matt Lenzie
Construction Capital","Mr Taub


Re: Shop 519 Seven Sisters Road Tottenham London N15 6EP - approved planning application HGY/2026/2090

We noticed the recent approval for the above site and have prepared a short market note covering the planning consent, local sold-price evidence and a high-level senior debt view:
https://constructioncapital.co.uk/news/2026-09-17-hgy-2026-2090-tottenham-planning-approved

Based on the available data, we estimate GDV at £550k. At 70% LTGDV, this indicates potential senior debt of around £385k, subject to valuation, cost plan, borrower experience and lender underwriting.

Construction Capital arranges senior debt, mezzanine finance and equity/JV funding for UK property developers. If this site is moving toward acquisition or construction, we can provide formal indicative terms from our lender panel within 24 hours.

Yours faithfully,
Matt Lenzie
Construction Capital"
"26/0671/FUL","17/09/2026","Hertsmere Borough Council","primary_consent","hertfordshire","borehamwood","27A Harcourt Road Bushey Hertfordshire WD23 3PP","WD23 3PP","Change of Use from C3 Dwelling to Children's residential home (C2).","1","543500","380450","543500","","","","","","","","","","","","","","https://constructioncapital.co.uk/news/2026-09-17-26-0671-ful-borehamwood-planning-approved","https://www6.hertsmere.gov.uk/online-applications/applicationDetails.do?activeTab=summary&keyVal=TF81KYIFMJ500","543500","1224","4.5","We wrote up your approved scheme at 27A Harcourt Road Bushey Hertfordshire WD23 3PP and modelled high-level senior debt at 70% LTGDV (£380k against estimated GDV £544k).","Indicative 70% LTGDV funding view for 27A Harcourt Road Bushey Hertfordshire WD23 3PP","Hi there,

I saw that Hertsmere Borough Council approved 26/0671/FUL for 27A Harcourt Road Bushey Hertfordshire WD23 3PP. We have written a short market note on the site here: https://constructioncapital.co.uk/news/2026-09-17-26-0671-ful-borehamwood-planning-approved

Using local sold-price data, we estimate GDV at £544k. At 70% LTGDV, that points to high-level senior debt of around £380k, subject to valuation, cost plan, borrower experience and lender underwriting.

If this is a live scheme, I can put proper indicative terms together from our lender panel within 24 hours.

Regards,
Matt Lenzie
Construction Capital","The Developer


Re: 27A Harcourt Road Bushey Hertfordshire WD23 3PP - approved planning application 26/0671/FUL

We noticed the recent approval for the above site and have prepared a short market note covering the planning consent, local sold-price evidence and a high-level senior debt view:
https://constructioncapital.co.uk/news/2026-09-17-26-0671-ful-borehamwood-planning-approved

Based on the available data, we estimate GDV at £544k. At 70% LTGDV, this indicates potential senior debt of around £380k, subject to valuation, cost plan, borrower experience and lender underwriting.

Construction Capital arranges senior debt, mezzanine finance and equity/JV funding for UK property developers. If this site is moving toward acquisition or construction, we can provide formal indicative terms from our lender panel within 24 hours.

Yours faithfully,
Matt Lenzie
Construction Capital"
"PA/2025/2265","18/09/2026","Ashford Borough Council","primary_consent","kent","ashford","Vitters Oak Barn, Old Surrenden Manor Road, Bethersden, TN26 3DW","TN26 3DW","Change of use of agricultural building and land within its curtilage to a custom build dwellinghouse, side patio canopy extension, changes to fenestration and the erection of a detached carport/store. Following the demolition of the stables.","1","510000","357000","340000","Mr Jenkins","","Miss Taylor Holdstock","","","","","","","","","","","https://constructioncapital.co.uk/news/2026-09-18-pa-2025-2265-ashford-planning-approved","https://abcportal.ashford.gov.uk/pr/s/detail/a0hTw000003yJndIAE?c__r=Arcus_BE_Public_Register","340000","1860","0","We wrote up your approved scheme at Vitters Oak Barn, Old Surrenden Manor Road, Bethersden, TN26 3DW and modelled high-level senior debt at 70% LTGDV (£357k against estimated GDV £510k).","Indicative 70% LTGDV funding view for Vitters Oak Barn, Old Surrenden Manor Road, Bethersden, TN26 3DW","Hi Mr Jenkins,

I saw that Ashford Borough Council approved PA/2025/2265 for Vitters Oak Barn, Old Surrenden Manor Road, Bethersden, TN26 3DW. We have written a short market note on the site here: https://constructioncapital.co.uk/news/2026-09-18-pa-2025-2265-ashford-planning-approved

Using local sold-price data, we estimate GDV at £510k. At 70% LTGDV, that points to high-level senior debt of around £357k, subject to valuation, cost plan, borrower experience and lender underwriting.

If this is a live scheme, I can put proper indicative terms together from our lender panel within 24 hours.

Regards,
Matt Lenzie
Construction Capital","Mr Jenkins


Re: Vitters Oak Barn, Old Surrenden Manor Road, Bethersden, TN26 3DW - approved planning application PA/2025/2265

We noticed the recent approval for the above site and have prepared a short market note covering the planning consent, local sold-price evidence and a high-level senior debt view:
https://constructioncapital.co.uk/news/2026-09-18-pa-2025-2265-ashford-planning-approved

Based on the available data, we estimate GDV at £510k. At 70% LTGDV, this indicates potential senior debt of around £357k, subject to valuation, cost plan, borrower experience and lender underwriting.

Construction Capital arranges senior debt, mezzanine finance and equity/JV funding for UK property developers. If this site is moving toward acquisition or construction, we can provide formal indicative terms from our lender panel within 24 hours.

Yours faithfully,
Matt Lenzie
Construction Capital"
"PA26/05075","14/09/2026","Cornwall Council","primary_consent","cornwall","bodmin","Little Creech Georges Lane Sheviock Cornwall PL11 3EL","PL11 3EL","Application for Permission in Principle for the construction of up to 2 dwellings (minimum of 1, maximum of 2)","2","495500","346850","247750","","","","","","","","","","","","","","https://constructioncapital.co.uk/news/2026-09-14-pa26-05075-bodmin-planning-approved","https://planning.cornwall.gov.uk/online-applications/applicationDetails.do?activeTab=summary&keyVal=TIIQO0FG0CQ00","247750","346","-4.7","We wrote up your approved scheme at Little Creech Georges Lane Sheviock Cornwall PL11 3EL and modelled high-level senior debt at 70% LTGDV (£347k against estimated GDV £496k).","Indicative 70% LTGDV funding view for Little Creech Georges Lane Sheviock Cornwall PL11 3EL","Hi there,

I saw that Cornwall Council approved PA26/05075 for Little Creech Georges Lane Sheviock Cornwall PL11 3EL. We have written a short market note on the site here: https://constructioncapital.co.uk/news/2026-09-14-pa26-05075-bodmin-planning-approved

Using local sold-price data, we estimate GDV at £496k. At 70% LTGDV, that points to high-level senior debt of around £347k, subject to valuation, cost plan, borrower experience and lender underwriting.

If this is a live scheme, I can put proper indicative terms together from our lender panel within 24 hours.

Regards,
Matt Lenzie
Construction Capital","The Developer


Re: Little Creech Georges Lane Sheviock Cornwall PL11 3EL - approved planning application PA26/05075

We noticed the recent approval for the above site and have prepared a short market note covering the planning consent, local sold-price evidence and a high-level senior debt view:
https://constructioncapital.co.uk/news/2026-09-14-pa26-05075-bodmin-planning-approved

Based on the available data, we estimate GDV at £496k. At 70% LTGDV, this indicates potential senior debt of around £347k, subject to valuation, cost plan, borrower experience and lender underwriting.

Construction Capital arranges senior debt, mezzanine finance and equity/JV funding for UK property developers. If this site is moving toward acquisition or construction, we can provide formal indicative terms from our lender panel within 24 hours.

Yours faithfully,
Matt Lenzie
Construction Capital"
"2026/0553/FPA","21/09/2026","Westmorland and Furness Council","primary_consent","cumbria","barrow-in-furness","Coppice Howe Skelsmergh KENDAL LA8 9AQ","LA8 9AQ","Change of use of former agricultural buildings in use as domestic store buildings into 3 dwellings and associated garages (Use class C3).","3","441000","308700","147000","Andy & Ally Shepherd","","Robert Glass, Tape Design Ltd","","","","","","","","","","","https://constructioncapital.co.uk/news/2026-09-21-2026-0553-fpa-barrow-in-furness-planning-approved","https://planningregister.westmorlandandfurness.gov.uk/Planning/Display/2026/0553/FPA","147000","1020","3.9","We wrote up your approved scheme at Coppice Howe Skelsmergh KENDAL LA8 9AQ and modelled high-level senior debt at 70% LTGDV (£309k against estimated GDV £441k).","Indicative 70% LTGDV funding view for Coppice Howe Skelsmergh KENDAL LA8 9AQ","Hi Andy & Ally Shepherd,

I saw that Westmorland and Furness Council approved 2026/0553/FPA for Coppice Howe Skelsmergh KENDAL LA8 9AQ. We have written a short market note on the site here: https://constructioncapital.co.uk/news/2026-09-21-2026-0553-fpa-barrow-in-furness-planning-approved

Using local sold-price data, we estimate GDV at £441k. At 70% LTGDV, that points to high-level senior debt of around £309k, subject to valuation, cost plan, borrower experience and lender underwriting.

If this is a live scheme, I can put proper indicative terms together from our lender panel within 24 hours.

Regards,
Matt Lenzie
Construction Capital","Andy & Ally Shepherd


Re: Coppice Howe Skelsmergh KENDAL LA8 9AQ - approved planning application 2026/0553/FPA

We noticed the recent approval for the above site and have prepared a short market note covering the planning consent, local sold-price evidence and a high-level senior debt view:
https://constructioncapital.co.uk/news/2026-09-21-2026-0553-fpa-barrow-in-furness-planning-approved

Based on the available data, we estimate GDV at £441k. At 70% LTGDV, this indicates potential senior debt of around £309k, subject to valuation, cost plan, borrower experience and lender underwriting.

Construction Capital arranges senior debt, mezzanine finance and equity/JV funding for UK property developers. If this site is moving toward acquisition or construction, we can provide formal indicative terms from our lender panel within 24 hours.

Yours faithfully,
Matt Lenzie
Construction Capital"
"2026/0554/LBC","21/09/2026","Westmorland and Furness Council","primary_consent","cumbria","barrow-in-furness","Coppice Howe Skelsmergh KENDAL LA8 9AQ","LA8 9AQ","Listed Building Consent for change of use of former agricultural buildings in use as domestic store buildings into 3 dwellings and associated garages (Use class C3).","3","441000","308700","147000","Andy & Ally Shepherd","","Robert Glass, Tape Design Ltd","","","","","","","","","","","https://constructioncapital.co.uk/news/2026-09-21-2026-0554-lbc-barrow-in-furness-planning-approved","https://planningregister.westmorlandandfurness.gov.uk/Planning/Display/2026/0554/LBC","147000","1020","3.9","We wrote up your approved scheme at Coppice Howe Skelsmergh KENDAL LA8 9AQ and modelled high-level senior debt at 70% LTGDV (£309k against estimated GDV £441k).","Indicative 70% LTGDV funding view for Coppice Howe Skelsmergh KENDAL LA8 9AQ","Hi Andy & Ally Shepherd,

I saw that Westmorland and Furness Council approved 2026/0554/LBC for Coppice Howe Skelsmergh KENDAL LA8 9AQ. We have written a short market note on the site here: https://constructioncapital.co.uk/news/2026-09-21-2026-0554-lbc-barrow-in-furness-planning-approved

Using local sold-price data, we estimate GDV at £441k. At 70% LTGDV, that points to high-level senior debt of around £309k, subject to valuation, cost plan, borrower experience and lender underwriting.

If this is a live scheme, I can put proper indicative terms together from our lender panel within 24 hours.

Regards,
Matt Lenzie
Construction Capital","Andy & Ally Shepherd


Re: Coppice Howe Skelsmergh KENDAL LA8 9AQ - approved planning application 2026/0554/LBC

We noticed the recent approval for the above site and have prepared a short market note covering the planning consent, local sold-price evidence and a high-level senior debt view:
https://constructioncapital.co.uk/news/2026-09-21-2026-0554-lbc-barrow-in-furness-planning-approved

Based on the available data, we estimate GDV at £441k. At 70% LTGDV, this indicates potential senior debt of around £309k, subject to valuation, cost plan, borrower experience and lender underwriting.

Construction Capital arranges senior debt, mezzanine finance and equity/JV funding for UK property developers. If this site is moving toward acquisition or construction, we can provide formal indicative terms from our lender panel within 24 hours.

Yours faithfully,
Matt Lenzie
Construction Capital"
"S26/0940","15/09/2026","South Kesteven District Council","primary_consent","lincolnshire","grantham","Alisons Farm High Dyke Great Ponton NG33 5DY","NG33 5DY","Erection of two additional poultry houses on established poultry farm in connection with the whole site adopting the new higher welfare lower stocking density","2","440000","308000","220000","","","","","","","","","","","","","","https://constructioncapital.co.uk/news/2026-09-15-s26-0940-grantham-planning-approved","https://prod.publicaccess.southkesteven.gov.uk/online-applications/applicationDetails.do?activeTab=summary&keyVal=TFT381ONI1400","220000","1044","-4.3","We wrote up your approved scheme at Alisons Farm High Dyke Great Ponton NG33 5DY and modelled high-level senior debt at 70% LTGDV (£308k against estimated GDV £440k).","Indicative 70% LTGDV funding view for Alisons Farm High Dyke Great Ponton NG33 5DY","Hi there,

I saw that South Kesteven District Council approved S26/0940 for Alisons Farm High Dyke Great Ponton NG33 5DY. We have written a short market note on the site here: https://constructioncapital.co.uk/news/2026-09-15-s26-0940-grantham-planning-approved

Using local sold-price data, we estimate GDV at £440k. At 70% LTGDV, that points to high-level senior debt of around £308k, subject to valuation, cost plan, borrower experience and lender underwriting.

If this is a live scheme, I can put proper indicative terms together from our lender panel within 24 hours.

Regards,
Matt Lenzie
Construction Capital","The Developer


Re: Alisons Farm High Dyke Great Ponton NG33 5DY - approved planning application S26/0940

We noticed the recent approval for the above site and have prepared a short market note covering the planning consent, local sold-price evidence and a high-level senior debt view:
https://constructioncapital.co.uk/news/2026-09-15-s26-0940-grantham-planning-approved

Based on the available data, we estimate GDV at £440k. At 70% LTGDV, this indicates potential senior debt of around £308k, subject to valuation, cost plan, borrower experience and lender underwriting.

Construction Capital arranges senior debt, mezzanine finance and equity/JV funding for UK property developers. If this site is moving toward acquisition or construction, we can provide formal indicative terms from our lender panel within 24 hours.

Yours faithfully,
Matt Lenzie
Construction Capital"
"A/26/100429/FULL","18/09/2026","Wigan Council","primary_consent","greater-manchester","wigan","Land Adjacent To Hingemakers Arms 34 Heath Road Ashton-in-makerfield Wigan WN4 9DY","WN4 9DY","Erection of two semi-detached dwellings with associated access, parking, landscaping and boundary treatments","2","410000","287000","181000","","","","","","","","","","","","","","https://constructioncapital.co.uk/news/2026-09-18-a-26-100429-full-wigan-planning-approved","https://planning.wigan.gov.uk/online-applications/applicationDetails.do?activeTab=summary&keyVal=TA92YRRRMO800","181000","4828","-0.4","We wrote up your approved scheme at Land Adjacent To Hingemakers Arms 34 Heath Road Ashton-in-makerfield Wigan WN4 9DY and modelled high-level senior debt at 70% LTGDV (£287k against estimated GDV £410k).","Indicative 70% LTGDV funding view for Land Adjacent To Hingemakers Arms 34 Heath Road Ashton-in-makerfield Wigan WN4 9DY","Hi there,

I saw that Wigan Council approved A/26/100429/FULL for Land Adjacent To Hingemakers Arms 34 Heath Road Ashton-in-makerfield Wigan WN4 9DY. We have written a short market note on the site here: https://constructioncapital.co.uk/news/2026-09-18-a-26-100429-full-wigan-planning-approved

Using local sold-price data, we estimate GDV at £410k. At 70% LTGDV, that points to high-level senior debt of around £287k, subject to valuation, cost plan, borrower experience and lender underwriting.

If this is a live scheme, I can put proper indicative terms together from our lender panel within 24 hours.

Regards,
Matt Lenzie
Construction Capital","The Developer


Re: Land Adjacent To Hingemakers Arms 34 Heath Road Ashton-in-makerfield Wigan WN4 9DY - approved planning application A/26/100429/FULL

We noticed the recent approval for the above site and have prepared a short market note covering the planning consent, local sold-price evidence and a high-level senior debt view:
https://constructioncapital.co.uk/news/2026-09-18-a-26-100429-full-wigan-planning-approved

Based on the available data, we estimate GDV at £410k. At 70% LTGDV, this indicates potential senior debt of around £287k, subject to valuation, cost plan, borrower experience and lender underwriting.

Construction Capital arranges senior debt, mezzanine finance and equity/JV funding for UK property developers. If this site is moving toward acquisition or construction, we can provide formal indicative terms from our lender panel within 24 hours.

Yours faithfully,
Matt Lenzie
Construction Capital"
"26/00695/FUL","15/09/2026","Wakefield Council","primary_consent","west-yorkshire","pontefract","Land Adj 3 Barmby Fold Ossett Wakefield West Yorkshire WF5 0DW","WF5 0DW","Construction of 2no dwellings (self-build)","2","360000","252000","180000","","","","","","","","","","","","","","https://constructioncapital.co.uk/news/2026-09-15-26-00695-ful-pontefract-planning-approved","https://planning.wakefield.gov.uk/online-applications/applicationDetails.do?activeTab=summary&keyVal=TDY8QIQQ0DM00","180000","1392","-2.7","We wrote up your approved scheme at Land Adj 3 Barmby Fold Ossett Wakefield West Yorkshire WF5 0DW and modelled high-level senior debt at 70% LTGDV (£252k against estimated GDV £360k).","Indicative 70% LTGDV funding view for Land Adj 3 Barmby Fold Ossett Wakefield West Yorkshire WF5 0DW","Hi there,

I saw that Wakefield Council approved 26/00695/FUL for Land Adj 3 Barmby Fold Ossett Wakefield West Yorkshire WF5 0DW. We have written a short market note on the site here: https://constructioncapital.co.uk/news/2026-09-15-26-00695-ful-pontefract-planning-approved

Using local sold-price data, we estimate GDV at £360k. At 70% LTGDV, that points to high-level senior debt of around £252k, subject to valuation, cost plan, borrower experience and lender underwriting.

If this is a live scheme, I can put proper indicative terms together from our lender panel within 24 hours.

Regards,
Matt Lenzie
Construction Capital","The Developer


Re: Land Adj 3 Barmby Fold Ossett Wakefield West Yorkshire WF5 0DW - approved planning application 26/00695/FUL

We noticed the recent approval for the above site and have prepared a short market note covering the planning consent, local sold-price evidence and a high-level senior debt view:
https://constructioncapital.co.uk/news/2026-09-15-26-00695-ful-pontefract-planning-approved

Based on the available data, we estimate GDV at £360k. At 70% LTGDV, this indicates potential senior debt of around £252k, subject to valuation, cost plan, borrower experience and lender underwriting.

Construction Capital arranges senior debt, mezzanine finance and equity/JV funding for UK property developers. If this site is moving toward acquisition or construction, we can provide formal indicative terms from our lender panel within 24 hours.

Yours faithfully,
Matt Lenzie
Construction Capital"
"26/01410/OUT","17/09/2026","City of Doncaster Council","outline","south-yorkshire","doncaster","Land Rear Of 51 Cowper Road Mexborough S64 0LH","S64 0LH","Outline application for the erection of 2 bedroom dwelling with associated parking and amenity space on approx 0.01 ha of land (Approval being sought for access)","2","340000","238000","170000","","","","","","","","","","","","","","https://constructioncapital.co.uk/news/2026-09-17-26-01410-out-doncaster-planning-approved","https://planning.doncaster.gov.uk/online-applications/applicationDetails.do?activeTab=summary&keyVal=TIMV1SFXGME00","170000","4251","2.4","We wrote up your approved scheme at Land Rear Of 51 Cowper Road Mexborough S64 0LH and modelled high-level senior debt at 70% LTGDV (£238k against estimated GDV £340k).","Indicative 70% LTGDV funding view for Land Rear Of 51 Cowper Road Mexborough S64 0LH","Hi there,

I saw that City of Doncaster Council approved 26/01410/OUT for Land Rear Of 51 Cowper Road Mexborough S64 0LH. We have written a short market note on the site here: https://constructioncapital.co.uk/news/2026-09-17-26-01410-out-doncaster-planning-approved

Using local sold-price data, we estimate GDV at £340k. At 70% LTGDV, that points to high-level senior debt of around £238k, subject to valuation, cost plan, borrower experience and lender underwriting.

If this is a live scheme, I can put proper indicative terms together from our lender panel within 24 hours.

Regards,
Matt Lenzie
Construction Capital","The Developer


Re: Land Rear Of 51 Cowper Road Mexborough S64 0LH - approved planning application 26/01410/OUT

We noticed the recent approval for the above site and have prepared a short market note covering the planning consent, local sold-price evidence and a high-level senior debt view:
https://constructioncapital.co.uk/news/2026-09-17-26-01410-out-doncaster-planning-approved

Based on the available data, we estimate GDV at £340k. At 70% LTGDV, this indicates potential senior debt of around £238k, subject to valuation, cost plan, borrower experience and lender underwriting.

Construction Capital arranges senior debt, mezzanine finance and equity/JV funding for UK property developers. If this site is moving toward acquisition or construction, we can provide formal indicative terms from our lender panel within 24 hours.

Yours faithfully,
Matt Lenzie
Construction Capital"
"PF/26/1077","14/09/2026","North Norfolk District Council","primary_consent","norfolk","cromer","19 The Driftway Sheringham Norfolk NR26 8LD","NR26 8LD","Two flat roof dormers on the west elevation within the roof of the second floor and a pitched roof dormer to the south elevation, alteration of north facing first floor bay window to a larger bay window and the creation of a new second floor balcony associated with converting the property back to a single dwelling","2","332500","232750","287000","","","","","","","","","","","","","","https://constructioncapital.co.uk/news/2026-09-14-pf-26-1077-cromer-planning-approved","https://idoxpa.north-norfolk.gov.uk/online-applications/applicationDetails.do?activeTab=summary&keyVal=TFBYX6LN04T00","287000","1688","-4.3","We wrote up your approved scheme at 19 The Driftway Sheringham Norfolk NR26 8LD and modelled high-level senior debt at 70% LTGDV (£233k against estimated GDV £333k).","Indicative 70% LTGDV funding view for 19 The Driftway Sheringham Norfolk NR26 8LD","Hi there,

I saw that North Norfolk District Council approved PF/26/1077 for 19 The Driftway Sheringham Norfolk NR26 8LD. We have written a short market note on the site here: https://constructioncapital.co.uk/news/2026-09-14-pf-26-1077-cromer-planning-approved

Using local sold-price data, we estimate GDV at £333k. At 70% LTGDV, that points to high-level senior debt of around £233k, subject to valuation, cost plan, borrower experience and lender underwriting.

If this is a live scheme, I can put proper indicative terms together from our lender panel within 24 hours.

Regards,
Matt Lenzie
Construction Capital","The Developer


Re: 19 The Driftway Sheringham Norfolk NR26 8LD - approved planning application PF/26/1077

We noticed the recent approval for the above site and have prepared a short market note covering the planning consent, local sold-price evidence and a high-level senior debt view:
https://constructioncapital.co.uk/news/2026-09-14-pf-26-1077-cromer-planning-approved

Based on the available data, we estimate GDV at £333k. At 70% LTGDV, this indicates potential senior debt of around £233k, subject to valuation, cost plan, borrower experience and lender underwriting.

Construction Capital arranges senior debt, mezzanine finance and equity/JV funding for UK property developers. If this site is moving toward acquisition or construction, we can provide formal indicative terms from our lender panel within 24 hours.

Yours faithfully,
Matt Lenzie
Construction Capital"
"26/00700/FUL","14/09/2026","Cardiff Council","primary_consent","cardiff","canton","220 City Road Roath Cardiff CF24 3JH","CF24 3JH","Conversion of first and second floors to 2 flats with rear dormer extension and alterations to access with a new shopfront.","2","324000","226800","267500","","","","","","","","","","","","","","https://constructioncapital.co.uk/news/2026-09-14-26-00700-ful-canton-planning-approved","https://www.cardiffidoxcloud.wales/publicaccess/applicationDetails.do?activeTab=summary&keyVal=TD266XECKUB00","267500","4622","0.9","We wrote up your approved scheme at 220 City Road Roath Cardiff CF24 3JH and modelled high-level senior debt at 70% LTGDV (£227k against estimated GDV £324k).","Indicative 70% LTGDV funding view for 220 City Road Roath Cardiff CF24 3JH","Hi there,

I saw that Cardiff Council approved 26/00700/FUL for 220 City Road Roath Cardiff CF24 3JH. We have written a short market note on the site here: https://constructioncapital.co.uk/news/2026-09-14-26-00700-ful-canton-planning-approved

Using local sold-price data, we estimate GDV at £324k. At 70% LTGDV, that points to high-level senior debt of around £227k, subject to valuation, cost plan, borrower experience and lender underwriting.

If this is a live scheme, I can put proper indicative terms together from our lender panel within 24 hours.

Regards,
Matt Lenzie
Construction Capital","The Developer


Re: 220 City Road Roath Cardiff CF24 3JH - approved planning application 26/00700/FUL

We noticed the recent approval for the above site and have prepared a short market note covering the planning consent, local sold-price evidence and a high-level senior debt view:
https://constructioncapital.co.uk/news/2026-09-14-26-00700-ful-canton-planning-approved

Based on the available data, we estimate GDV at £324k. At 70% LTGDV, this indicates potential senior debt of around £227k, subject to valuation, cost plan, borrower experience and lender underwriting.

Construction Capital arranges senior debt, mezzanine finance and equity/JV funding for UK property developers. If this site is moving toward acquisition or construction, we can provide formal indicative terms from our lender panel within 24 hours.

Yours faithfully,
Matt Lenzie
Construction Capital"
"26/00196/COU","18/09/2026","Lichfield District Council","primary_consent","staffordshire","lichfield","3 Market Street Lichfield Staffordshire WS13 6JX","WS13 6JX","Conversion of vacant upper floors to form 2no 2 bedroom apartments (first and second floor)","2","324000","226800","302425","","","","","","","","","","","","","","https://constructioncapital.co.uk/news/2026-09-18-26-00196-cou-lichfield-planning-approved","https://planning.lichfielddc.gov.uk/online-applications/applicationDetails.do?activeTab=summary&keyVal=TAJYVVJEFRC00","302425","1660","-0.5","We wrote up your approved scheme at 3 Market Street Lichfield Staffordshire WS13 6JX and modelled high-level senior debt at 70% LTGDV (£227k against estimated GDV £324k).","Indicative 70% LTGDV funding view for 3 Market Street Lichfield Staffordshire WS13 6JX","Hi there,

I saw that Lichfield District Council approved 26/00196/COU for 3 Market Street Lichfield Staffordshire WS13 6JX. We have written a short market note on the site here: https://constructioncapital.co.uk/news/2026-09-18-26-00196-cou-lichfield-planning-approved

Using local sold-price data, we estimate GDV at £324k. At 70% LTGDV, that points to high-level senior debt of around £227k, subject to valuation, cost plan, borrower experience and lender underwriting.

If this is a live scheme, I can put proper indicative terms together from our lender panel within 24 hours.

Regards,
Matt Lenzie
Construction Capital","The Developer


Re: 3 Market Street Lichfield Staffordshire WS13 6JX - approved planning application 26/00196/COU

We noticed the recent approval for the above site and have prepared a short market note covering the planning consent, local sold-price evidence and a high-level senior debt view:
https://constructioncapital.co.uk/news/2026-09-18-26-00196-cou-lichfield-planning-approved

Based on the available data, we estimate GDV at £324k. At 70% LTGDV, this indicates potential senior debt of around £227k, subject to valuation, cost plan, borrower experience and lender underwriting.

Construction Capital arranges senior debt, mezzanine finance and equity/JV funding for UK property developers. If this site is moving toward acquisition or construction, we can provide formal indicative terms from our lender panel within 24 hours.

Yours faithfully,
Matt Lenzie
Construction Capital"
"26/01218/FUL","18/09/2026","Wakefield Council","primary_consent","west-yorkshire","pontefract","44 Bond Street Wakefield WF1 2QP","WF1 2QP","Change of Use of basement, ground floor shop (Class E), and vacant upper floors to 3 No. Self-Contained Residential Flats (Use Class C3), installation of windows to northern and western elevations, including bin storage and bicycle storage.","3","285000","199500","180000","","","","","","","","","","","","","","https://constructioncapital.co.uk/news/2026-09-18-26-01218-ful-pontefract-planning-approved","https://planning.wakefield.gov.uk/online-applications/applicationDetails.do?activeTab=summary&keyVal=THV0ZFQQMJN00","180000","1392","-2.7","We wrote up your approved scheme at 44 Bond Street Wakefield WF1 2QP and modelled high-level senior debt at 70% LTGDV (£200k against estimated GDV £285k).","Indicative 70% LTGDV funding view for 44 Bond Street Wakefield WF1 2QP","Hi there,

I saw that Wakefield Council approved 26/01218/FUL for 44 Bond Street Wakefield WF1 2QP. We have written a short market note on the site here: https://constructioncapital.co.uk/news/2026-09-18-26-01218-ful-pontefract-planning-approved

Using local sold-price data, we estimate GDV at £285k. At 70% LTGDV, that points to high-level senior debt of around £200k, subject to valuation, cost plan, borrower experience and lender underwriting.

If this is a live scheme, I can put proper indicative terms together from our lender panel within 24 hours.

Regards,
Matt Lenzie
Construction Capital","The Developer


Re: 44 Bond Street Wakefield WF1 2QP - approved planning application 26/01218/FUL

We noticed the recent approval for the above site and have prepared a short market note covering the planning consent, local sold-price evidence and a high-level senior debt view:
https://constructioncapital.co.uk/news/2026-09-18-26-01218-ful-pontefract-planning-approved

Based on the available data, we estimate GDV at £285k. At 70% LTGDV, this indicates potential senior debt of around £200k, subject to valuation, cost plan, borrower experience and lender underwriting.

Construction Capital arranges senior debt, mezzanine finance and equity/JV funding for UK property developers. If this site is moving toward acquisition or construction, we can provide formal indicative terms from our lender panel within 24 hours.

Yours faithfully,
Matt Lenzie
Construction Capital"
"26/02109/FUL","16/09/2026","Sheffield City Council","primary_consent","south-yorkshire","sheffield","Beachcomber Barbershop 584 Manchester Road Stocksbridge Sheffield S36 1DY","S36 1DY","Subdivision of basement flat to create two self-contained studio apartments including the erection of a single-storey rear extension","2","277000","193900","208000","","","","","","","","","","","","","","https://constructioncapital.co.uk/news/2026-09-16-26-02109-ful-sheffield-planning-approved","https://planningapps.sheffield.gov.uk/online-applications/applicationDetails.do?activeTab=summary&keyVal=TI5G1WNYM3800","208000","6307","-1","We wrote up your approved scheme at Beachcomber Barbershop 584 Manchester Road Stocksbridge Sheffield S36 1DY and modelled high-level senior debt at 70% LTGDV (£194k against estimated GDV £277k).","Indicative 70% LTGDV funding view for Beachcomber Barbershop 584 Manchester Road Stocksbridge Sheffield S36 1DY","Hi there,

I saw that Sheffield City Council approved 26/02109/FUL for Beachcomber Barbershop 584 Manchester Road Stocksbridge Sheffield S36 1DY. We have written a short market note on the site here: https://constructioncapital.co.uk/news/2026-09-16-26-02109-ful-sheffield-planning-approved

Using local sold-price data, we estimate GDV at £277k. At 70% LTGDV, that points to high-level senior debt of around £194k, subject to valuation, cost plan, borrower experience and lender underwriting.

If this is a live scheme, I can put proper indicative terms together from our lender panel within 24 hours.

Regards,
Matt Lenzie
Construction Capital","The Developer


Re: Beachcomber Barbershop 584 Manchester Road Stocksbridge Sheffield S36 1DY - approved planning application 26/02109/FUL

We noticed the recent approval for the above site and have prepared a short market note covering the planning consent, local sold-price evidence and a high-level senior debt view:
https://constructioncapital.co.uk/news/2026-09-16-26-02109-ful-sheffield-planning-approved

Based on the available data, we estimate GDV at £277k. At 70% LTGDV, this indicates potential senior debt of around £194k, subject to valuation, cost plan, borrower experience and lender underwriting.

Construction Capital arranges senior debt, mezzanine finance and equity/JV funding for UK property developers. If this site is moving toward acquisition or construction, we can provide formal indicative terms from our lender panel within 24 hours.

Yours faithfully,
Matt Lenzie
Construction Capital"
"26/02007/FUL","15/09/2026","Sheffield City Council","primary_consent","south-yorkshire","sheffield","350 & 352 Langsett Road Sheffield S6 2UF","S6 2UF","Use of former shops (Use Class E) as 2 flats (Use Class C3) with associated alterations to the elevations (as amended 07.09.26)","2","277000","193900","208000","","","","","","","","","","","","","","https://constructioncapital.co.uk/news/2026-09-15-26-02007-ful-sheffield-planning-approved","https://planningapps.sheffield.gov.uk/online-applications/applicationDetails.do?activeTab=summary&keyVal=THR64RNYLU000","208000","6307","-1","We wrote up your approved scheme at 350 & 352 Langsett Road Sheffield S6 2UF and modelled high-level senior debt at 70% LTGDV (£194k against estimated GDV £277k).","Indicative 70% LTGDV funding view for 350 & 352 Langsett Road Sheffield S6 2UF","Hi there,

I saw that Sheffield City Council approved 26/02007/FUL for 350 & 352 Langsett Road Sheffield S6 2UF. We have written a short market note on the site here: https://constructioncapital.co.uk/news/2026-09-15-26-02007-ful-sheffield-planning-approved

Using local sold-price data, we estimate GDV at £277k. At 70% LTGDV, that points to high-level senior debt of around £194k, subject to valuation, cost plan, borrower experience and lender underwriting.

If this is a live scheme, I can put proper indicative terms together from our lender panel within 24 hours.

Regards,
Matt Lenzie
Construction Capital","The Developer


Re: 350 & 352 Langsett Road Sheffield S6 2UF - approved planning application 26/02007/FUL

We noticed the recent approval for the above site and have prepared a short market note covering the planning consent, local sold-price evidence and a high-level senior debt view:
https://constructioncapital.co.uk/news/2026-09-15-26-02007-ful-sheffield-planning-approved

Based on the available data, we estimate GDV at £277k. At 70% LTGDV, this indicates potential senior debt of around £194k, subject to valuation, cost plan, borrower experience and lender underwriting.

Construction Capital arranges senior debt, mezzanine finance and equity/JV funding for UK property developers. If this site is moving toward acquisition or construction, we can provide formal indicative terms from our lender panel within 24 hours.

Yours faithfully,
Matt Lenzie
Construction Capital"
"F/YR26/0567/PNC01","16/09/2026","Fenland District Council","primary_consent","cambridgeshire","march","17 Elwyn Road March Cambridgeshire PE15 9BT","PE15 9BT","Change of use from commercial use to 2 x flats (Part 3, Class MA)","2","208000","145600","235000","","","","","","","","","","","","","","https://constructioncapital.co.uk/news/2026-09-16-f-yr26-0567-pnc01-march-planning-approved","https://www.publicaccess.fenland.gov.uk/publicaccess/applicationDetails.do?activeTab=summary&keyVal=TIMNJCHE0D800","235000","482","-2.1","We wrote up your approved scheme at 17 Elwyn Road March Cambridgeshire PE15 9BT and modelled high-level senior debt at 70% LTGDV (£146k against estimated GDV £208k).","Indicative 70% LTGDV funding view for 17 Elwyn Road March Cambridgeshire PE15 9BT","Hi there,

I saw that Fenland District Council approved F/YR26/0567/PNC01 for 17 Elwyn Road March Cambridgeshire PE15 9BT. We have written a short market note on the site here: https://constructioncapital.co.uk/news/2026-09-16-f-yr26-0567-pnc01-march-planning-approved

Using local sold-price data, we estimate GDV at £208k. At 70% LTGDV, that points to high-level senior debt of around £146k, subject to valuation, cost plan, borrower experience and lender underwriting.

If this is a live scheme, I can put proper indicative terms together from our lender panel within 24 hours.

Regards,
Matt Lenzie
Construction Capital","The Developer


Re: 17 Elwyn Road March Cambridgeshire PE15 9BT - approved planning application F/YR26/0567/PNC01

We noticed the recent approval for the above site and have prepared a short market note covering the planning consent, local sold-price evidence and a high-level senior debt view:
https://constructioncapital.co.uk/news/2026-09-16-f-yr26-0567-pnc01-march-planning-approved

Based on the available data, we estimate GDV at £208k. At 70% LTGDV, this indicates potential senior debt of around £146k, subject to valuation, cost plan, borrower experience and lender underwriting.

Construction Capital arranges senior debt, mezzanine finance and equity/JV funding for UK property developers. If this site is moving toward acquisition or construction, we can provide formal indicative terms from our lender panel within 24 hours.

Yours faithfully,
Matt Lenzie
Construction Capital"
"06/26/0209/F","16/09/2026","Great Yarmouth Borough Council","primary_consent","norfolk","great-yarmouth","23 Wellesley Road, Great Yarmouth, NR30 2AR","NR30 2AR","Conversion of existing dwelling to create 2 no. self contained maisonette flats, including two storey rear extension (revised plans to include 2 new windows)","2","197500","138250","205000","Mr A Hunt","","Mr A Middleton","","","","","","","","","","","https://constructioncapital.co.uk/news/2026-09-16-06-26-0209-f-great-yarmouth-planning-approved","https://portal.great-yarmouth.gov.uk/planning/search-applications#VIEW?RefType=PLANNINGCASE&KeyNo=06/26/0209/F","205000","1513","-2.4","We wrote up your approved scheme at 23 Wellesley Road, Great Yarmouth, NR30 2AR and modelled high-level senior debt at 70% LTGDV (£138k against estimated GDV £198k).","Indicative 70% LTGDV funding view for 23 Wellesley Road, Great Yarmouth, NR30 2AR","Hi Mr A Hunt,

I saw that Great Yarmouth Borough Council approved 06/26/0209/F for 23 Wellesley Road, Great Yarmouth, NR30 2AR. We have written a short market note on the site here: https://constructioncapital.co.uk/news/2026-09-16-06-26-0209-f-great-yarmouth-planning-approved

Using local sold-price data, we estimate GDV at £198k. At 70% LTGDV, that points to high-level senior debt of around £138k, subject to valuation, cost plan, borrower experience and lender underwriting.

If this is a live scheme, I can put proper indicative terms together from our lender panel within 24 hours.

Regards,
Matt Lenzie
Construction Capital","Mr A Hunt


Re: 23 Wellesley Road, Great Yarmouth, NR30 2AR - approved planning application 06/26/0209/F

We noticed the recent approval for the above site and have prepared a short market note covering the planning consent, local sold-price evidence and a high-level senior debt view:
https://constructioncapital.co.uk/news/2026-09-16-06-26-0209-f-great-yarmouth-planning-approved

Based on the available data, we estimate GDV at £198k. At 70% LTGDV, this indicates potential senior debt of around £138k, subject to valuation, cost plan, borrower experience and lender underwriting.

Construction Capital arranges senior debt, mezzanine finance and equity/JV funding for UK property developers. If this site is moving toward acquisition or construction, we can provide formal indicative terms from our lender panel within 24 hours.

Yours faithfully,
Matt Lenzie
Construction Capital"
"DC/2026/01208","18/09/2026","Sefton Council","primary_consent","merseyside","bootle","7A Bolton Road Birkdale PR8 4BE","PR8 4BE","Change of use of one dwellinghouse into two apartments, one apartment at ground floor and the second at first floor, installation of balcony at first floor level to the rear, including a 1.8m privacy screen to the side and external alterations to side and rear.","2","130000","91000","132550","","","","","","","","","","","","","","https://constructioncapital.co.uk/news/2026-09-18-dc-2026-01208-bootle-planning-approved","https://pa.sefton.gov.uk/online-applications/applicationDetails.do?activeTab=summary&keyVal=TI9RLJNWKKU00","132550","598","6","We wrote up your approved scheme at 7A Bolton Road Birkdale PR8 4BE and modelled high-level senior debt at 70% LTGDV (£91k against estimated GDV £130k).","Indicative 70% LTGDV funding view for 7A Bolton Road Birkdale PR8 4BE","Hi there,

I saw that Sefton Council approved DC/2026/01208 for 7A Bolton Road Birkdale PR8 4BE. We have written a short market note on the site here: https://constructioncapital.co.uk/news/2026-09-18-dc-2026-01208-bootle-planning-approved

Using local sold-price data, we estimate GDV at £130k. At 70% LTGDV, that points to high-level senior debt of around £91k, subject to valuation, cost plan, borrower experience and lender underwriting.

If this is a live scheme, I can put proper indicative terms together from our lender panel within 24 hours.

Regards,
Matt Lenzie
Construction Capital","The Developer


Re: 7A Bolton Road Birkdale PR8 4BE - approved planning application DC/2026/01208

We noticed the recent approval for the above site and have prepared a short market note covering the planning consent, local sold-price evidence and a high-level senior debt view:
https://constructioncapital.co.uk/news/2026-09-18-dc-2026-01208-bootle-planning-approved

Based on the available data, we estimate GDV at £130k. At 70% LTGDV, this indicates potential senior debt of around £91k, subject to valuation, cost plan, borrower experience and lender underwriting.

Construction Capital arranges senior debt, mezzanine finance and equity/JV funding for UK property developers. If this site is moving toward acquisition or construction, we can provide formal indicative terms from our lender panel within 24 hours.

Yours faithfully,
Matt Lenzie
Construction Capital"